,date,auther,text,polarity
0,۲۳ آبان ۱۴۰۰,کاربر دیجی‌کالا,من چون کالبهای حجیم زیاد میخونم و مطالعه م غالبا توی راه هست برام خیلی مفیده اما کاش ارزنتر بود,+1
1,کاربر دیجی‌کالا,۲۲ آبان ۱۴۰۰,خوبه. جز ضد آب نبودنش، تفاوت چندانی با مدل paperwhite نداره.,+1
2,۲۲ آبان ۱۴۰۰,مهدی یار موسوی,این وسیله، بر خلاف چیزی که توی مشخصاتش ظاهرا هست، قابلیت پخش صدا و اصلا پورت aux نداره. اصلا ضد آب نیست، توی دفترچه راهنماش نوشته حتی بارونم بهش نخوره. (ظاهرشم نشون میده نیست) کتابخوان که در کل بد نیست، ولی اینی نیست که فکر می‌کنید دارید میخرید. پس توصیه میکنم مدل دیگه یا از فروشنده‌ی دیگه خرید کنید.,-1
3,مهدی یار موسوی,۱۷ آبان ۱۴۰۰,برای کسانی که زیاد کتاب می خوانند,+1
4,۱۷ آبان ۱۴۰۰,پویا احمدپور,سلام، کتابخوان خوبی است. تنها اینکه عکس هایی که گذاشته شده برای نسخه Paperwhite است اما این نسخه، نسخه Basic است.,+1
5,پویا احمدپور,۱۴ آبان ۱۴۰۰,با تصاویر کالا خیلی متفاوت بود و آنچیزی نبود که انتظار داشتم،,-1
6,۱۴ آبان ۱۴۰۰,فرامرز سخی,یه کیندل خوب و باکیفیت که حس خوندن کتاب فیزیکی رو بهتون القا می‌کنه و چشم‌ها رو ضعیف و خسته نمی‌کنه. حالا هم که با افزایش شدید قیمت کتابها بیشتر از قبل ارزش خرید پیدا کرده. نور صفحه‌ی نمایش را می‌تونید کاملا حذف کنید یا اونو هر چقدر خواستین کم و زیادش کنین. مصرف باتری خیلی کمی هم داره. از خریدش پشیمون نمیشید.,+1
7,فرامرز سخی,۱۳ آبان ۱۴۰۰,سلام بسیار عالی هست نسبت به قیمتش و تبلیغات داره,+1
8,۱۳ آبان ۱۴۰۰,کاربر دیجی‌کالا,من رنگ سفید را خریدم، قبل از هر چیز باید بگویم این دستگاه بسیار زیباست و بسیار خوش دست، از لحاظ اندازه، طراحی دقیق و ظریفی دارد که لذت کتاب خواندن را دوچندان می کند.و اما نکته ی اصلی؛ تمام خوبی های این دستگاه مربوط به تکنولوژی ساخت صفحه است. از لحاظ کیفیت و نورپردازی و سایر امکانات، برای مطالعه بهترین حالت ممکن را فراهم میکند، برای چشم هرگز خسته کننده نیست و وزن بسیار سبکی هم دارد. به هیچ عنوان با تبلت قابل مقایسه نیست. درباره ی سرعت کم این دستگاه هم باید بگویم که چه بهتر! این ویژگی این وسیله، و سبب تمایز این دستگاه محسوب می شود، در واقع باعث می شود شما تنها برای خواندن کتاب به سراغش بروید و نه کارهای دیگر.کیندل برای هدفی که ساخته شده است بهترین نمونه است. توصیه می کنم قبل از رسیدن دستگاه نرم افزار Calibre را نصب کرده و فایل های پی دی اف را به MOBI یا AZW3 تبدیل کنید.در ضمن فراموش نکنید کیندل امکان دسته بندی موضوعی فایل ها و کتاب هایتان را در قسمت Library فراهم می کند.,+1
9,کاربر دیجی‌کالا,۱۳ آبان ۱۴۰۰,خیلی خوبه راحت مقاله و کتاب ها جزوات میخوانم باتری تو روزی پنج شیش ساعت مطالعه حداکثر بیست سی درصد کم میشود و چشم را اصلا اذیت نمی کند کتاب هایی که که با کاغذ a3 به پایین هست خواندنشون خیلی سخته برنامه کالیبر هم برای تغییر فرمت کتاب ها حتما روی کامپیوتر نصب کنید,+1
10,۱۳ آبان ۱۴۰۰,کاربر دیجی‌کالا,این نسخه ای که برای من ارسال شده از بازار ژاپن خریداری کردن و تبلیغات داشت. خارجی ها نوشتند که اگر با پشتیبانی آمازون تماس بگیرین و بگین که تبلیغات ممکنه برای فرزندم/برادر/خواهر کوچکم نامناسبه اونها بلافاصله و بدون دریافت هیچ هزینه ای این تبلیغات رو حذف میکنن. با آمازون امریکا که صحبت کردم گفتند حذف شدنیه منتها چون برای ژاپنه باید پشتیبانی اونها تایید بده. بعد از صحبت با اونها متوجه شدم تمام نسخه های ژاپنی تبلیغات دارند و طبق گفته پشتیبانی، تبلیغات این نسخه ها حذف کردنی نیست چون آمازون با قیمت پایین تر این نسخه رو میفروشه. در هر صورت موفق به حذف تبلیغ نشدم. درباره عملکرد دستگاه، همه دوستان توضیحات رو دادن. بسیار با کیفیته! حرف نداره. منتها باید ببینین چقدر کتاب میخونین اگر صرفه اقتصادی داشت بعد بهش فکر کنین. اگر دنبال کتابخوان هستین لازم نیست بیشتر هزینه کنین و این دستگاه بهترین گزینه است منتها فایل کتابهای فارسی کمه و این کمی آدم رو دلسرد میکنه. در مجموع، من چون با کتابهای انگلیسی سروکار دارم هیچ مشکلی نداشتم جز تبلیغات (حالت اسکرین سیور دستگاه ،تبلیغ آدیبل آمازون یا خود سایتش میاد). در غیر اینصورت در خرید محصول شک نکنین,+1
11,کاربر دیجی‌کالا,۱۳ آبان ۱۴۰۰,اگر به دنبال یک کتابخوان با قیمت مناسب هستید این مدل مناسب شماست. من قبل از خرید چندتا ویدیو نقد و بررسی از این مدل کیندل پایه و مقایسه اون با مدل های پیپروایت و اوسیس دیدم و ترجیح دادم این مدل رو بگیرم. برای شخصی مثل من که میخوام فقط کتاب بخونم و نه قراره تو آب ببرم و نه کتاب کمیک و .. بخونم باهاش این مدل کاملا جوابگو هست. تا الانم بعد از چند روز استفاده کاملا ازش راضی هستم. نکته خوبش برای من این بود که بدلیل تکنولوژی صفحه با طولانی مدت خوندن اصلا چشم اذیت نمیشه و در تمام شرایط نوری محیطی میشه ازش استفاده کرد بدون اینکه چشم اذیت بشه. در کل من خیلی راضیم ازش. از دیجی کالا هم ممنونم بابت دقت و سرعت در ارسال کالا.,+1
12,۱۳ آبان ۱۴۰۰,علی مقدمی,اندازه صفحه برای مطالعه مناسب نیست .,-1
13,علی مقدمی,۱۱ آبان ۱۴۰۰,قاعدتا کتاب های گرافیکی و سنگین رو نمیتونه باز کنه اما باز هم سعیش رو میکنه و تا جاییکه بتونه پردازش کنه تصویر رو هم نشون میده.بهتر حتی،تصاویر نسبتا ساده رو خیلی خوب نشون میده.قابلیت های دیکشنری و یادداشت نویسی هم خیلی خوبه.من واقعا دوسش داشتم.,+1
14,۱۱ آبان ۱۴۰۰,سید ابوالفضل جلایر,دستگاه خوبی است. من پی دی افی را روی آن ریختم که عکس بود. فرتوری که گذاشته ام، همان کتاب است. پس نمی دانم کتاب های تایپ شده ی فارسی را چگونه نمایش می‌دهد. روشنایی خوبی دارد و می‌شود روشنایی را کم و بیش نیز کرد. اگر خواننده‌ی کتاب نیستید، نگیرید که به کارتان نمی‌آید. ولی اگر کتاب بسیار می‌خوانید، خریدنش بایسته است. (فارسی را هم همیشه پاس بداریم و زیبا و درست بنویسیم). شادکام باشید.,+1
15,۱۸ مهر ۱۴۰۰,کاربر دیجی‌کالا,لطفا این محصول رو در شگفت انگیز قرار بدین:)),+1
16,کاربر دیجی‌کالا,۱۶ مهر ۱۴۰۰,من خواهرم خریده خیلی خوبه منم استفاده میکنم و خیلی راضیم,+1
17,۱۶ مهر ۱۴۰۰,کاربر دیجی‌کالا,با تشکر از زحمات تمامی کارکنان digikala محصول عالی و خدمات شرکت عالی می باشد . تشکر و خسته نباشید,+1
18,کاربر دیجی‌کالا,۱۲ مهر ۱۴۰۰,رنگ مشکیشو تهیه کردم نسبت به گوشی و تبلت وزن بسیار سبکی داره خوش دسته و نورشم اصلا چشم رو اذیت نمیکنه خودتون میتونین راحت تنظیمش کنین از طریق بلوتوث راحت به هدست وصل میشه فونت و زوم صفحه رو دستی میشه تغییر داد و دیکشنری به چند زبان داره و راهنمای کاملشم به زبان انگلیسی(ساده) هست میتونین لغت نامه خودتون رو داشته باشین به یسری سایت ها وصل میشه ولی فقط بدیش اینه که وقت تو گوگل سرچ میزنم هیچ سایتی رو برام باز نمیکنه حتما باید ادرس دقیق اون سایت رو داشته باشین تا بالا بیاد و اینکه کتاب رایگانی پیدا نکردم و قیمتا همش به دلاره. بهتره خودتون از طریق لبتاب pdf یا فایل صوتی کتاب رو بریزین خیلی جالب بود که هر دفه که در حالت لاک اسکرین بود تصویر پس زمینه متفاوتی داشت ولی بدیش اینه مصرف باتری رو زیاد میکنه و من گزینه ای برا خاموش کردنش پیدا نکردم تا به حال با همچین دستگاهی کار نکرده بودم ولی اگه زبان انگلیسی بلد باشین تو یکی دو ساعت همه چی دستتون میاد,+1
19,۱۲ مهر ۱۴۰۰,غلامرضا سعیدنیا,خوب بود,+1
20,غلامرضا سعیدنیا,۱۲ مهر ۱۴۰۰,"واقعا فوق العاده است, اگر بزرگتر بود بهترم میشد.",-1
21,۱۲ مهر ۱۴۰۰,کاربر دیجی‌کالا,سلام من این نظر رو بعد از ۳ روز و تست همه ی گزینه هاش میذارم. از نظر سخت افزاری اصلا شکی بهش نیست کاملا جوابگو هست، از نظر نرم افزاری هم نگران کتابهای فارسی نباشید می تونید pdf رو انتقال بدید به document و به راحتی بخونینش فقط یه مشکلی که ایجاد میشه سایز حروف کوچکتر دیده میشه و برای حل این هم میتونید صفحه رو بچرخونید و افقی مطالعه کنید که البته خودم اینکارو نمی کنم و اندازه اش برام مناسبه. برای کتابهای pdf انگلیسی همانطور که دوستان گفتن برنامه calibre رو روی لپتاپتون بریزید و لذتشو ببرید.,+1
22,کاربر دیجی‌کالا,۱۱ مهر ۱۴۰۰,واقعا عالیه، من برای هدیه خریدم و‌خوشبختانه خیلی خوب بود.,+1
23,۱۱ مهر ۱۴۰۰,کاربر دیجی‌کالا,"دستگاهی که برای من ارسال شد دارای تبلیغ بود اگر چه تو قسمت پرسش و پاسخ گفته شده بدون تبلیغ هستش. این دستگاه فقط فرمت mobi, awz3 را پشتیبانی می‌کند البته میتوانید با نرم افزار Calibre فایل‌های دیگر را هم تبدیل کنید اما اکثرا فونت‌ها و قالب درستی پیدا نمی‌کنند",+1
24,کاربر دیجی‌کالا,۱۱ مهر ۱۴۰۰,این مدل (مدل پایه) اگرچه تراکم پیکسلی کم‌تری نسبت‌به مدل پیپروایت داره و ضدآب نیس ولی طبق تجربه خودم اگر هدف‌تون صرفاً خوندن کتاب باشه اصلاً با این مدل به مشکل نمی‌خورید. تنها مشکلش در خصوص کتاب‌های مصوره در حالتی که کامل زوم‌اوت می‌کنید، که باز هم به‌نظرم مشکلی به حساب نمی‌آد چون با زوم کردن مشکل حل می‌شه (بنابراین، راجع‌به کتاب‌هایی که فقط چندتا عکس، نمودار و غیره دارن که اصلاً نیاز نیست نگران باشید). فقط بحث ضدآب بودن می‌مونه که چون خونه‌ام استخر نداره و علاقه‌ای هم به خوندن کتاب زیر دوش ندارم پس برای من این موضوع مسئله‌ای نبود و برای شما می‌تونه متفاوت باشه. از ویژگی‌های خود دستگاه هم می‌تونم بگم سرعت مناسبی داره (منظورم اینه که اون تاخیرهایی که شاید تو ویدیوهای بررسی دیده باشید چیزی نیست که رو مخ بره)؛ یه دیکشنری انگلیسی به انگلیسی هم داره که می‌تونه کمک کننده باشه بعلاوه جستجو در ویکی‌پدیا که میشه به هر دوشون در طول مطالعه خیلی سریع دسترسی پیدا کرد. نکته‌ای که در مورد کیندل‌ (همه‌ی مدل‌ها) هست اینه که در مجموع برای مطالعه کتاب‌های فارسی شاید یکم جالب نباشه.,+1
25,۱۱ مهر ۱۴۰۰,کاربر دیجی‌کالا,باسلام.کتابخوان آمازون کیندل،از محصولات با کیفیت در ردیف کتابخوان های دیجیتال هستش.فقط قیمتش معقولانه نیستش!با توجه به کاراییش. به تمامی کسانی که اهل مطالعه هستند(چه کتاب های فارسی و چه...) توصیه میکنم.فقط ای کاش زبان فارسی رو هم پشتیبانی میکرد!! منظورم سخت بودن کار با زبان انگلیسی نیست! بلکه یجورایی وقتی محصولی زبان فارسی رو پشتیبانی میکنه، خیلی محبوب تر میشه و این اصل متاسفانه با توجه به دلایل ... انجام نشده، و نمیشه!خیلی راحت کتاب های مورد علاقمو از طریق کامپیوترم انتقال دادم به کتابخوان. ایکاش در فروش این کالا ، کیف محافظشم در کنارش باهم برای فروش بزارن.در مجموع اگر حداقل در روز بیشتر از نیم ساعت وقت مطالعه دارید و همچنین واقعا کتابخواندن براتون یک نوع عادت محسوب میشه تهیه کنید.(فرهنگ کتابخوانی) اگر این شرایطو ندارید پیشنهاد میکنم تهیه نشود.چون بعد یمدت کنار میزاریدش!!.,-1
26,کاربر دیجی‌کالا,۱۰ مهر ۱۴۰۰,امکان خرید قسطی رامهیا کنید,-1
27,۱۰ مهر ۱۴۰۰,زینب معصومی,برای کتابهای انگلیسی خوبه,+1
28,زینب معصومی,۱۰ مهر ۱۴۰۰,این مدل kindle Basic هست ولی عکس kindle paperwhite گذاشته شده.,-1
29,۱۰ مهر ۱۴۰۰,زهرا عسکری,ای کاش بزرگ تر بود ولی باز هم بد نیست,-1
30,۲۵ شهریور ۱۴۰۰,احسان خائف,من تازه گرفتم و راضی هستم. دوستان توجه کنید این وسیله صرفا مخصوص مطالعه هست و نباید به هیچ وجه کیفیت صفحه نمایش و سرعت پردازش دستگاه رو با گوشی های هوشمند مقایسه کنید. بسیار سبکه و دستتون خسته نمیشه و چشم رو هم اذیت نمیکنه. وضوح صفحه نمایش توی نور خورشید فوق العادست (بر خلاف تبلت‌ها). این مدل ضد آب نیست. اگه ضد آب میخواید باید بیشتر هزینه کنید و مدل Paperwhite بخرید که گرونتر هست. برای استفاده ی بهتر و اینکه صفحات کتاب با صفحه نمایش شش اینچی دستگاه مچ بشه، باید حتما نرم افزار Calibre; رو دانلود و روی لپ تاپ یا سیستمتون نصب کنید و pdf ها رو کانورت کنید. فرمتی که مچ هست با کیندل، فرمت AZW3; هست. فایل های PDF (چه فارسی و چه انگلیسی) را با نرم افزار Calibre به این فرمت ها تبدیل کنید و با USB کتابخوان به پوشه ی Document انتقال بدید. شارژ باتری اونقدرها هم که آمازون مانور داده روش زیاد نمیمونه ولی در کل رضایتبخشه. هیچ باگی موقع برگ زدن کتاب و استفاده ازش نداره (بر خلاف نمونه مشابه ایرانی).,+1
31,احسان خائف,۲۱ شهریور ۱۴۰۰,با نرم افزار calibro عالیه، من برای کتابهای انگلیسی ازش استفاده میکنم,+1
32,۲۱ شهریور ۱۴۰۰,سید ایمان حسینی,برای کسانی که کتاب انگلیسی زیاد میخونن خیلی عالیه,+1
33,سید ایمان حسینی,۱۴ شهریور ۱۴۰۰,من از فروشگاه مثلث خریدم که تازه موقعی که داشت بازه ی تحویل تموم میشد (۲ دقیقه مانده به پایان بازه ی تحویل) به من زنگ زدن گفتن که اگه هستین ساعت ۸ شب بفرستیم. اما راجب خود محصول فوق العادست برای کتاب خوندن. راحت میتونین سینک کنین. اگه کتاب فارسی میخونین کمتر به دردتون میخوره اما برای کتاب انگلیسی خیلی خوبه.,+1
34,۱۴ شهریور ۱۴۰۰,امیرحسین روحانی,خیلی خوبه واقعا دوسش دارم. اولش یکم سخت بود که بفهمم چطوری باید کتابارو بریزم روی کیندل، اما یکی دو تا سرچ گوگل واضح و مشخص توضیح داده شده بود و حل شد. خیلی عالیه، حتما پیشنهاد می کنم,+1
35,امیرحسین روحانی,۴ شهریور ۱۴۰۰,اول یه نکته ای. این کیندل توی قسمت پریش و پاسخ نوشته بود تبلیغات نداره ولی برای من داره.وسیله خوبیه بیشتر به درد کسایی میخوره که زیاد کتاب انگلیسی مطالعه میکنن. اگر جزو این دسته نیستین خیلی به قیمتش نمی ارزه. دیکشنری چندتا داره و خودتونم میتونین بهش دیکشنری اضافه کنین ولی همشون انگلیسی به انگلیسی هستن یعنی نمیتونین دیشکنری انگلیسی به فارسی داشته باشید.شارژ رو خوب نگه میداره.برای مطالعه کتابم دوتا ره دارید یا کتابها رو از کیندل بخرید که خوب با شرایط تحریما و قیمت دلار یکم مشکل و پرهزینه ست. راه دوم اینه که کتاب دلخواهتونو با سرچ از اینترنت دانلود کنید و با کابل از لپ تاپ بریزید تو کیندل. اما نسخه کتاب حتما باید mobi باشه که برای این کار باید جداگانه نرم افزار های converter استفاده کنید. اگه اینا براتون مشکل محسوب نمیشن کیندل گزینه خوبیه.,+1
36,۴ شهریور ۱۴۰۰,قاسم کنگرانی,کتابخوان کیندل 10Gکلاسیک را خریده ام. تقریبا اندازه طول دستمه. با یک برنامه ساده که سرچ کردم پی دی اف ها را تبدیل کردم و برای کیندل مناسب شد. البته تبدیل نشده هم می شه خواند اما فونت ریز می شه و بهتره تبدیل بشه. مطالعه با این کتابخوان تجربه خیلی خوبیه. کاملا سبکه. از تنظیم نورش هم راضی هستم. سرعتش هم خوبه. آگهی و تبلیغات نداره و تا روشن کردم به روز رسانی شد. دوسه‌تا دیکشنری خوب داره برای خواندن داره که البته انگلیسی به انگلیسه ولی شرح ساده ای داده و به خوبی معنی کلماتی که نمی دونم را می فهمم. از دو هفته قبل که شارژ کرده ام هنوز چهل درصد شارژ داره با اینکه تقریبا هر روز نیم ساعت مطالعه کرده ام. خیلی راضی هستم.,+1
37,قاسم کنگرانی,۲۹ تیر ۱۴۰۰,بهترین وسیله برای مطالعه بخصوص با توجه به صنعت مرده انتشارات.,+1
38,۲۹ تیر ۱۴۰۰,کاربر دیجی‌کالا,خوبه .,+1
39,کاربر دیجی‌کالا,۱۱ تیر ۱۴۰۰,بهترین برای مطالعه کتاب ، تا وایفای رو وصل کردم ، آپدیت شد و یک بروزرسانی خوب ، بلوتوث هم فعال شد !!... من چون هدفم فقط کتاب خوانی بود برام فرقی نداشت ضد آب باشه یا نه ، تمامه کلیپهای بررسیشو تو یوتویوب با مدل پیپروایت دیددم ، با این که پیپروایت کیفیتش ۳۰۰ دی پی آی بود ولی تو خوندن کتاب هیچ فرقی با مدل سادش نبود ، برای همین نیازی ندیدم مدل بالاتر بگیرم ، و نزدیک بکه ۸۰۰ هزار صرفه جویی کردم,+1
40,۱۱ تیر ۱۴۰۰,نازنین دهقان,سال هاست که کتاب خوان استفاده میکنم و این یکی رو برای هدیه گرفته بودم، عالیه، هر اهل کتاب باید داشته باشه مخصوصا برای زبان های دیگه,+1
41,نازنین دهقان,۲۶ خرداد ۱۴۰۰,با سلام و احترام عکس‌های محصول مربوط به نسخه‌ی پیپروایت با قیمت ۱۴۹ دلار است، ولی این محصول در واقع نسخه‌ی Basic با قیمت ۸۹ دلار می‌باشد.,+1
