,Unnamed: 0,date,auther,text,polarity
0,0,۲۲ آبان ۱۴۰۰,آتنا دهقان,با سلام. بعد از یک هفته استفاده دستگاه هنگ کرد و متاسفانه قابل تعمیر نبود، ا ز طرف فروشگاه و دیجی کالا هم ساپورتی صورت نگرفت. طی تما با فروشنده، برخورد ایشان هم نامناسب و توهین آمیز بود.,-1
1,1,آتنا دهقان,۱۹ آبان ۱۴۰۰,متاسفانه نسخه با تبلیغات را دریافت کردم . تبلیغات آن آزار دهنده است و مرتب سازی کتابخانه را با مشکل مواجه می کند . برنامه اصلی آن هم در هنگام باز کردن کتابها با خطا مواجه می شود . اکانت آمازون امکان ثبت شماره موبایل نمی دهد و امکانات آن شامل کالکشن ها فعال نمی شود. بعد میگن سرانه کتابخوانی پایین هست سپاس,-1
2,2,۱۹ آبان ۱۴۰۰,کاربر دیجی‌کالا,در کل بسیار خوبه...مخصوصا برای متن های انگلیسی. البته بعضی فایل های فارسی راهم خیلی خوب نمایش میده.در حالت افقی متن را با انازه کتاب نشان میده. PDF فارسی و سایر فایل های انگلیسی را به خوبی پوشش می دهد. حافظه داخلی 6 گیگ داره...که واقعا کافیه. با USB که به کامپیوتر وصل کنید..میتونین فایل های مورد نظرتون را به قسمت document منتقل کنین. باwifi به اینترنت وصل میشه و اگر حساب کاربری آمازون داشته باشین.. میتونین از کتاب های آمازون هم استفاده کنین. در ضمن چه در روز و چه در شب چشم را اذیت نمی کنه.,+1
3,3,کاربر دیجی‌کالا,۱۶ آبان ۱۴۰۰,برای استادو دانشجو و هر کسی که دنباله دانشو علم و ... خوبه,+1
4,4,۱۶ آبان ۱۴۰۰,عاطفه امیری,فضای مطالعه با تبلت و موبایل بسیار متفاوت بوده و با کمی خلاقیت و تلاش میشه کتابهای مورد علاقه رو داخل کتابخوان مطالعه کرد از فارسی پشتیبانی میشه حتی افزودن فونت فارسی هم محیا است,+1
5,5,عاطفه امیری,۱۵ آبان ۱۴۰۰,مطابق با توضیحات بود ممنون,+1
6,6,۱۵ آبان ۱۴۰۰,کاربر دیجی‌کالا,من چندین سال است که کیندل دارم، متاسفانه آخرین کیندلم رو ازم دزدیدن، بنابراین در این اواخر مجبور شدم فیدیبو بگیرم. با وجوداین دلم تنگ شده بود برای کیندل، به نظر هر کسی که به زبان انگلیسی تسلط داره و اهل کتاب است، خوبه که یک دونه کیندل داشته باشه. در ضمن باید بگم که فیدیبوک هم بسیار عالیه و واقعا دسته کمی از کیندل نداره به خصوص برای کتاب های با زبان فارسی.,+1
7,7,کاربر دیجی‌کالا,۶ آبان ۱۴۰۰,خب خیلی حس خوبی بود کلا از وسایل خیلی محدود الکترونیکی خوشم نمیاد دوست دارم یه چیز همه کاره بگیرم ولی با توجه به چشم درد خستگی چشم از موبایل و مانیتور به سمت کیندل اومدم,+1
8,8,۶ آبان ۱۴۰۰,فرید قیم اصغری,تجربه حدود دو هفته استفاده از این دستگاه ... ابتدا که دستگاه را از جعبه درآوردم قدری تو ذوقم خورد . دستگاهی بسیار سبک ، با صفحه ای سیاه و سفید و بدون بسیاری از امکانات تبلت و گوشی . اما در مدت دو هفته گذشته ، همین سبک وزنی و همان صفحه ساده ، به مهمترین عامل برتری این دستگاه تبدیل شد و الان عاشق کیندل هستم . دستگاه برای خواندن متون انگلیسی ساخته شده . من کتاب فارسی با فرمت َAZW3 هم در آن ریختم . در نمایش و چینش کلمات فارسی هیچ مشکلی نداره اما برای خواندن کتاب فارسی به هیچوجه توصیه نمیشه چون با دستگاه های ارزانتر می توان نتیجه بهتری گرفت . یک دیکشنری انگلیسی به فارسی نصب کردم که به خوبی عمل می کنه و بدون هیچ مشکلی کلمات را نمایش میده . برای خواندن کتاب های انگلیسی فوق العاده است . می توانید بدون هیچ مشکلی ، ساعتها در دستتان نگه دارید و بدون اذیت شدن چشم ، چندین ساعت به آن خیره شوید . هیچیک از این دو مزیت را در گوشی و تبلت نمی توانید داشته باشید . مخصوصا در حالت خوابیده و درازکش ، شما را از دشواری نگه داشتن یک کتاب سنگین بالای سرتان راحت می کنه . اما پس از همه این مطالب ... امان از قیمت . امان ... این دستگاه با قیمت فعلی ، فقط به کسانی پیشنهاد میشه که هر ماه دستکم یک یا دو کتاب مطالعه می کنند ( و در واقع خیلی شدید به این افراد پیشنهاد میشه ) . اما کسی که در سال دو کتاب می خونه منطقی نیست که برای چنین دستگاهی هزینه کنه .,+1
9,9,فرید قیم اصغری,۵ آبان ۱۴۰۰,خیلی از خریدم راضی‌ام و با توجه به اینکه روزی حداقل ۴ ساعت مطالعه می‌کنم نسبت به موبایل خیلی خیلی بهتره چون نور پس‌زمینه نداره که چشم رو اذیت کنه. اگر استطاعت مالی دارید سایز بزرگترشو بگیرید خیلی بهتره.,+1
10,10,۵ آبان ۱۴۰۰,علی پیر,صفحه نمایش در تابش مستقیم نور خورشید بسیار عالی هست و همانند کاغذ میباشد.در محیط با نور کم و عدم تابش نور مستقیم خورشید یا لامپ باید نور پس زمینه دستی تنظیم شود که بعد مدتی کار کردن قلق در ان دستتان می اید,+1
11,11,علی پیر,۲۹ مهر ۱۴۰۰,"برای علاقه مندلن کتاب به خصوص کتاب های خارجی با فرمتpdf ,mobi بدون اذیت شدن چشم",+1
12,12,۲۹ مهر ۱۴۰۰,علی محمدی,اینکه pdf های فارسی روش خیلی ریز میشه و آدم نمی تونه بخونه و من اصلا خوشم نیومد,-1
13,13,علی محمدی,۱۲ مهر ۱۴۰۰,خیلی عالی و مناسب برای کتاب خواندن طولانی,+1
14,14,۱۲ مهر ۱۴۰۰,بنیامین محمدی,سلام یکی از بهترین وسایل الکترونیکی کتابخوان ها هستن، مخصوصا کیندل. من هم مثل همه افراد دیگه که این محصول رو خریدن تجربه استفاده دلچسبی داشتم. خیلی خوبه که وسیله ای داشته باشید که به جای کشتن وقت توی اینستاگرام یا بازی کردن، باهاش کتاب بخونید و از وقت های مرده خودتون استفاده مفید کنید. در مورد تجربه خرید: من ۲ بار این محصول رو تهیه کردم، در ابتدا فروشنده بهرامی مارکت بود که کالای باز شده و دست دوم ارسال کرده بود که بسیار تجربه خرید ناراحت کننده ای بود. البته دیجی کالا، کالا رو مرجوع و در کمتر از ۲۴ ساعت مبلغ رو واریز کرد. ولی به هر حال پیشنهاد میکنم از بهرامی مارکت نخرید. از طرف دیگه &#34;کتابخوانی&#34; کالای کاملا اورجینال ارسال کرد و حتی نایلون روی محصول که آمازون، کیندل رو توی اون ارسال میکنه باز نشده بود. در مورد خود محصول: ۱-با توجه به اطلاعاتی که همه کاربران دادن دیگه نیاز به گفتن چیزی نیست، به غیر از اینکه ورژن با تبلیغات تفاوت زیادی با ورژن عادی نداره ، فکر خودتون رو درگیر تبلیغات نکنید چون زمان کتاب خواندن هیچ مزاحمتی نداره و فقط در لاک اسکرین نمایش داده میشه که اصلا بد نیست. ۲-برای مطالعه کتاب انگلیسی کیندل رو توصیه میکنم، اگه قصد خوندن کتاب فارسی دارید و کتاب شما توی فیدیبو هست پس تهیه فیدیبوک معقول تر و به صرفه تره. البته تجربه استفاده شخصی ندارم ولی توی یوتوب میتونید تجربه استفاده اشخاص رو پیدا کنید که به نظر خوبه ۳-در زمان این کامنت آخرین نسخه آپدیت نرم افزار ۵.۱۳.۷ هست که اگه با انجام آپدیت از طریق منو انجام نشد میتونید به صورت دستی و با کپی آخرین ورژن توی کیندل از طریق کامپیوتر ، آپدیت رو انجام بدین,+1
15,15,۷ شهریور ۱۴۰۰,کاربر دیجی‌کالا,یکی از بهترین محصولات آمازونه. از نسل های قبلیش فقط تو زمینه feature های نرم افزاری بهتره و ضد آب بودن. نمایشگر همون 6 اینچه با 300 dpi که خیلی هم عالیه. باتری با دوام چند هفته ای داره اگه استفاده در حد یک ساعت در روز باشه. فقط حواستون باشه که به هاب وصلش نکنین، مستقیم کابلش رو به پورت pc یا لپتاپ بزنین. در ضمن بعد از register شدن حالت dark mode هم داره. میتونین هم register نکنین اگه نخواستین ولی feature های زیادی اضافه میکنه مثل collection ها که همون فولدر داخل kindle میشه که خیلی ضروریه. در کل عالیه.,+1
16,16,کاربر دیجی‌کالا,۱۰ شهریور ۱۴۰۰,وسیله ای به شدت کاربردی خصوصا برای مطالعه فایل های pdf و جزوات و درسها و کتابهای مورد علاقه,+1
17,17,۱۰ شهریور ۱۴۰۰,کاربر دیجی‌کالا,قبل از خرید اصلاً انتظار نداشتم چنین تجربه دلچسبی داشته باشم. قبل از کار کمی وقت بگذارید و توسط نرم افزار calibre کتاب های فارسی epub تان را توسط آموزش هایی که در اینترنت یافت می شود به فرمت kfx تبدیل کنید، کتاب ها را به پوشه documents و فونت های فارسی تون رو به پوشه fonts انتقال بدید تا در کیندل به راحتی شناسایی بشن و بتونید از تمام قابلیت های کیندل بهره مند شوید.,+1
18,18,کاربر دیجی‌کالا,۳۱ مرداد ۱۴۰۰,بعد از روشن کردن و تنظیمات اولیه، حساب کاربری آمازون میسازید که ساختنش خیلی ساده است. ایمیلی به شما میده. هر فایل PDF که خواستید روی کیندل مطالعه کنیدکافیه به اون آدرس ایمیلی که داده ایمیل کنید و در قسمت موضوع بنویسید &amp;#34;convert&amp;#34; خودش تبدیل میکنه نیازی به نرم افزارهای اضافه و سایت های تبدیل فرمت آنلاین وجود نداره. برای مطالعه متن حرف نداره اما اگر کتابی که مطالعه می کنید جدول و فرمول های زیادی داشته باشه ممکنه جداول و فرمول ها کاملا صحیح نشون نده. 1-به هیچ وجهه انعکاس نور نداره 2-وقتی دستتون میگیرید سبکه 2-مطالعه با کیندل راحت تر از مطالعه با کتاب هست 3-هربار که روشن می کنید بر میگرده صفحه ای که آخرین بار می خوندید 4-ضدآب هست و این خیالتون راحت میکنه برای مطالعه در هر شرایطی علی الخصوص کنار استخر,+1
19,19,۳۱ مرداد ۱۴۰۰,حجت قربانی مقدم,از نقاط قوت دستگاه اینه که صفحه نمایشش واقعا چشم رو خسته نمیکنه، مطالعه باهاش خیلی راحته چون یه دستگاه سبکه که شما تو هر وضعیتی اعم از خوابیده و نشسته پشت میز و در حال راه رفتن و... می تونید بگیرید دستتون و از مطالعه لذت ببرید. دستگاه یکم کنده، ولی خب عادت می کنید و زیاد اذیت نمیکنه ولی نمیشه انتظار داشت در حد گوشی روان کار کنه. ولی این کندی موقع مطالعه ی کتاب اصلا به چشم من نیومد و موقع مطالعه کاملا راحتم باهاش. موقع باز و بسته کردن کتاب و استفاده از مرورگر و اینها کمی کنده. فایل های فارسی اگر پی دی اف باشه و فونتش هم نسبتا درشت باشه هیچ مشکلی با خوندنش ندارید. فایل های انگلیسی هم اگه فرمت mobi یا چیزی باشه که دستگاه پشتیبانی کنه بهتره چون بهتر از امکاناتش میتونید استفاده کنید مثل تغییر اندازه ی فونت و نوع فونت و...، من پی دی اف های انگلیسی به ایمیل کیندلم فرستادم و در قسمت موضوع نوشتم convert و خود کیندل برام پی دی اف رو تبدیل کرد به فرمتی که در دستگاه راحت خونده بشه. البته برای بقیه ی فرمت ها مثل epub هنوز این روش رو امتحان نکردم ولی برای پی دی اف این روش جواب میده و نیازی هم نیست حتما پی دی اف رو جداگانه به چیز دیگه ای تبدیل کنید. فایل های epub هم با نرم افزار قابل تبدیل شدن به mobi رو دارن و کار آسونیه. شارژ رو نسبتا خوب نگه می داره ولی فکر نکنم اونجور که میگن برای چند هفته نگه داره، نهایتا یک هفته. البته بستگی به استفاده هم داره و هرچی بیشتر از وای فای استفاده کنید زودتر شارژ تموم میکنه. برای یادگیری زبان و خوندن کتاب انگلیسی فوق العاده مفیده. دیکشنری داره که می تونید موقع خوندن اگه معنی کلمه ای رو نمی دونستید روش نگه دارید و معنیش رو خودش از دیکشنری پیدا میکنه و نشون میده. بعد کلماتی رو که سرچ کردید ذخیره میکنه با اون جمله ی متن که این کلمه توش بود و خودش براتون فلش کارت هم درست میکنه. تو قسمت vocabulary builder این امکان رو داره. کلا برای انگلیسی خوندن خیلی مفیده ولی برای فارسی چندان مطمئن نیستم. شاید برای کسی که بیشتر دنبال مطالعه به زبان فارسیه بهتر باشه بیشتر به فیدیبوک فکر کنه.,+1
20,20,حجت قربانی مقدم,۱۳ مرداد ۱۴۰۰,با سلام و خسته نباشید همه چیز عالی فقط زمان تحویل با یک روز تاخیر,+1
21,21,۱۳ مرداد ۱۴۰۰,کاربر دیجی‌کالا,وسیله پرکاربرد برای افراد کتاب خوان که باعث کاهش هزینه خرید کتاب و صرفه جویی در مصرف کاغذ میشه. بنده استفاده کردم، به راحتی میشه فایل PDF کتاب ها رو اد کرد و استفاده نمود.,+1
22,22,کاربر دیجی‌کالا,۴ مرداد ۱۴۰۰,کتاب فارسی با فرمت کیندل پیدا نمیشه باید پی دی اف خوند,-1
23,23,۴ مرداد ۱۴۰۰,کاربر دیجی‌کالا,حرف نداره ای هر نظر. خیلی با کتاب خوندن توی گوشی فرق داره البته برای کسایی که به زبان غیر فارسی کتاب میخونن، فارسی هم پی دی اف میخونه. در کل صفحه‌ش مثل کتاب می‌مونه و واقعا هم زیباست.,+1
24,24,کاربر دیجی‌کالا,۲۴ تیر ۱۴۰۰,یک کتابخوان عالی که اگر قیمت ریالی آن مناسب بود می شد به همه پیشنهاد کرد. نسل ۱۰ رنگبندی های خوبی دارد که من رنگ sage را خریدم. در ضمن هزینه اضافه بابت نسخه بدون تبلیغات ندین چون هیچ مزاحمتی ایجاد نمی کنه. هر از گاهی یه کتاب تو لاک اسکرین نشون میده که جالب هم هست و ممکنه کتاب جدید هم پیدا کنین.,+1
25,25,۲۴ تیر ۱۴۰۰,فرید آقایی,دوستان من دو سه هفته هست که خریدم و و از وقتی زدم شارژ و هر روز حدود نیم ساعت کار میکنم باهاش تقریبا چهل درصد کم کرده و الان شصت درصد شارژ داره و واقعا وقتی نوشته یک ماه نگه میداره مطمئن باشید حتی با اینکه زیاد استفاده کنید بعد کلا وسیله خوبیه ولی نکته منفیش اینه که فونت فارسی رو فقط در صورتی میاره که pdf باشه و به خاطر همین یکم کوچیکه و کاملا متن فارسی واضح نیست ولی راه هایی هست میتونی درستش کنید مثلا یه سری برنامه هست کناره های pdf رو برش میده و اون قسمت اضافه رو پاک میکنه و میتونید تا حدی بزرگ تر ببینید و بهتر بشه ولی در کل اگر فقط برای فارسیه خیلی اذیت میکنه ولی اگر فارسی کم بخونید خوبه واقعا,-1
26,26,فرید آقایی,۲۳ تیر ۱۴۰۰,من دو هفته اس از دیجیکالا گرفتم. کیفیتش عالیه. دیکشنری انگلیسی به فارسی هم روش ریختم. حرف نداره. مال من نسخه بدون تبلیغش بود. من کاملا راضی ام.,+1
27,27,۲۳ تیر ۱۴۰۰,مهدی فرصت کار,هم کتاب های فارسی و هم انگلیسی رو خیلی خوب باز می‌کنه شارژش خیلی دیر تموم میشه . سرچ ویکی پدیا هم داره که عالی هست,+1
28,28,مهدی فرصت کار,۲۱ تیر ۱۴۰۰,در مشخصات ذکر نشده که نسخه‌ی بدون تبلیغات هست یا نه، ولی کیندلی که برای من ارسال شد نسخه‌ی همراه تبلیغات بود. همچنین، وزن ذکرشده در مشخصات اشتباه هست. این کیندل نسخه‌ی WiFi هست با وزن ۱۸۲ گرم. وزن ذکرشده (۱۹۱ گرم) مربوط به نسخه‌ی WiFi+Cellular هست.,-1
29,29,۲۱ تیر ۱۴۰۰,هادی احمدیان,تو جمعه ی سیاه یک سایت دیگه این محصول یک میلیون و دویست تخفیف خورده بود و من ۳ میلیون و ۹۰۰ با گارانتی تهیه کردم. بدستم رسید و کاملا پلمپ شده بود. نسخه ای که خریدم هم بدون تبلیغات هستش. من حدود ۴۰۰ تا ایبوک با فرمت epub دارم ولی خب مجبورم اونایی که تصمیم به خوندنشون دارم رو با کالیبر به mobi تبدیل کنم که عکس جلد کتاب از تو فایلش جدا میشه، نمیدونم چرا. خود کتابخوان کوچیکه، من توش پی دی اف ریختم مشکلی ندارم ولی برای پی دی اف های دو ستونه خوب نیست. صفحه قابلیت چرخش رو داره و میتونین بصورت افقی کتابتون رو بخونین.,+1
30,30,۴ آذر ۱۳۹۹,مریم طالبی,خیلی خوب بود,+1
31,31,مریم طالبی,۲ آذر ۱۳۹۹,فروشگاه ملیا، نسخه ی همراه با تبلیغات رو به من فروخت و اصلا از این اتفاق راضی نیستم. با آمازون هم مکاتبه کردم و گفتن اگر بخوان تبلیغات رو بردارن باید 20 دلار پرداخت کنم. شاید برای بعضی ها تبلیغات آزاردهنده نباشه ولی من با توجه به مبلغی که پرداخت کردم، انتظار داشتم نسخه بدون تبلیغات رو دریافت کنم. دستگاه خیلی دیر به دست من رسید و نمیدونم فروشگاه دیر تامین کرد، یا دیجی کالا دیر به پست تحویل داد. این کیندل برای کتاب های انگلیسی بسیار مناسبه، اما اگر بجای سرچ ویکی پدیا، سرچ گوگل داشت و حداقل امکان افزودن زبان فارسی به ترنسلیت رو داشت بهتر بود.دیکشنری فارسی روش نیست اما میشه با سختی یک دیکشنری فارسی از اینترنت پیدا کرد و به کیندل انتقال داد. دستگاه به راحتی در یک دست جا میگیره و فناوری نمایشگر بخوبی از خسته شدن چشم در اثر مطالعه طولانی مدت جلوگیری میکنه.,-1
32,32,۲ آذر ۱۳۹۹,کاربر دیجی‌کالا,متاسفانه تنها نقطه ضعف این دستگاه این است که ناشران ایرانی به دلیل تحریم‌ها سهمی از بازار آمازون ندارند و فعالین کتاب آنلاین مثل فیدیبو هم فکری برای این موضوع نکرده‌اند البته با این دستگاه امکان خواندن کتابهای فارسی با فرمت pdf وجود دارد ولی موضوع صحبت من رعایت حق ناشران ایرانی است,-1
33,33,کاربر دیجی‌کالا,۱ آذر ۱۳۹۹,باید تو قسمت مشخصات محصول، فروشنده یا دیجی کالا ذکر می کرد نسخه Kindle With Special Offers هست که حاوی تبلیغاته.,-1
34,34,۱ آذر ۱۳۹۹,امیر مشکوة,از لحاظ کیفیت ساخت محصولات امریکایی عالی اند..اما از لحاظ نرم افزار همیشه اذیت کننده است اگر چه دیگه همشون تو چین مونتاژ میشن..یه فایل پی دی اف بخوای بخونی کلی باید دردسر بکشی epub هم که ساپورت نمیشه . یه نمونه کتابخوان اندروید بگیریم اونقدرا کیفیت ساختش تفاوتی نداره کارکردن باهاشون هم راحته,-1
35,35,امیر مشکوة,۳۱ شهریور ۱۴۰۰,من عاشق این محصول شدم. ای‌پاب‌ ساپورت‌ نمیکنه اما پی‌دی‌اف و موبی‌ اوکیه. خیلی سبک و خوش دست و سریع‌تر از تصور منه. از دیشب همش دارم بدون‌ خستگی چشم کتاب میخونم. تا قبلش با آیپد‌ میخوندم که چشم رو داغون میکرد.,+1
36,36,۳۱ شهریور ۱۴۰۰,کاربر دیجی‌کالا,امکانات جالبی داره. مثل دیکشنری که با تاچ و نگه داشتن نمایش داده میشه و در سوابق باقی می ماند و برای مرور و بهبود زبان فلش کارت درست میکنه. به goodreads هم وصل میشه. کتاب هاشم تو ایران میشه رایگان دانلود کرد و معمولا نیاز به هزینه ندارید.,+1
37,37,کاربر دیجی‌کالا,۱۸ آبان ۱۳۹۹,وسیله ای عالی برای کسانی که عاشق مطالعه اند.تنها مشکل شاید عدم رجیستر و اتصال سخت به ایمیل است وبرای ارسال فایل باید حتما به سیستم وصل شود,+1
38,38,۱۸ آبان ۱۳۹۹,سیدموسی حسینی,واقعا متوجه نمیشم چرا یه سری افراد که نحوه کارکردن با این دیوایس رو هنوز یاد نگرفتن میان شما رو در خرید به اشتباه می اندازن و نظرات خلاف واقع میگن ، بنده دو هفتس این کتابخوان رو دارم و به هیچ وجه مشکلی در باز کردن فایل های فارسی ندارم ، حتی برنامه هایی مثل calibre هست که شما میتونین فایل های فارسیتون رو به فرمت مخصوص کیندل تبدیل کنید ، خواهش میکنم گزارش های خلاف واقع که ناشی از عدم آگاهی از استفاده ازین محصول هست منتشر نکنین ، ممنون,+1
39,39,سیدموسی حسینی,۱۷ آبان ۱۳۹۹,این وسیله شاید روزی جزء وسایل اجباری هر شخصی شود زیرا بدون نیاز به هزینه کتاب می توانی به راحتی به روز ترین کتابها را باهاش مطالعه کنی و ازش لذت ببرید. مترجم دارد، سبک است، ضد آب است، حجم بالایی تا حدود ۱۰۰۰ کتاب داره و چشم را اذیت نمی کنه. و به نظر من نسبت به قیمتش خیلی بیشتر ارزش داره,+1
40,40,۱۷ آبان ۱۳۹۹,پیوند شادخواب,برای فرمت های کتاب الکترونیکی عالیه,+1
41,41,پیوند شادخواب,۱۴ مهر ۱۳۹۹,من نسخه ی معمولی اش رو گرفتم.آثار کلاسیک رو با سرچ تو اینترنت می تونید به راحتی دانلود کنید.برای من بیشتر برای کتاب های مرجع و رمان ها مفید بود. برای داشتن کتاب های مرجع عالیه.آدم باور نمی کنه که بتونه فرهنگ معین رو تو این با خودش همه جا ببره. الان که قیمتش سر به فلک کشیده بهتره همون کتاب کاغذی رو جاش بخرید(به صرفه تره!),+1
42,42,۱۴ مهر ۱۳۹۹,رضا جعفری,عالی بود,+1
43,43,رضا جعفری,۲۶ شهریور ۱۳۹۹,PDF خوندن باهاش سخته به نظرم زیاد بدرد وبگردی هم نمی خوره چون سرعتش پایینه کتاب هاییی هم که شکل یا جدول زیاد دارن رو باز می کنه ولی اگر فونتش ریز باشه بدرد نمی خوره به نظرم واسه کتابایی که شکل ندارن یا شکلاشون مهم نیست خوبه مثل رمان هاالبته کتاب فارسی باهاش امتحان نکردم,-1
44,44,۲۶ شهریور ۱۳۹۹,Amirhossein M,یه دوربین بزارن پشتش عالی میشه,-1
45,45,۶ شهریور ۱۳۹۹,احد کاشفی,بنده به خاطر یه اشتباه در انتخاب این محصول به جای کاغذ دیجیتال و این که نتونستم این محصول را عودت بدم ، مونده بلااستفاده.,-1
46,46,احد کاشفی,۵ شهریور ۱۳۹۹,سلام. من این کتاب خوان (البته نسل هفتم) را 3 سال پیش توی شگفت انگیز دیجیکالا خریدن. اون موقع حدود 700 تومن بود. الان واقعا گرونه. متاسفانه باید فایل pdf را کراپ کنید تا متون فارسی رو بتونید بخونید. سیستم عاملش اصلا جالب نیست. آپدیت نمیشه. شاید بخاطر تحریم هاست. شرکت فروشنده (کمان رایانه) گارانتیش نکرد. ولی از لحاظ کیفیت ساخت و همینطور قاب اورجینال بی رقیبه. واقعا فوق العادس. باطری که دیگه معرکه. به یه بار شارژ بدون استفاده از وای فای و نور پس زمینه تا دو هفته جواب میده.,-1
47,47,۵ شهریور ۱۳۹۹,رضا حاجی علیخانی,در این مدت که استفاده کردم مشکلی نداشتم. برای متون فارسی هم فایلهای epub به AZW3 تبدیل کردم و فایلهای pdf بهینه کردم.,+1
48,48,رضا حاجی علیخانی,۲۹ آذر ۱۳۹۹,قیمت خیلی خافتضاح,-1
49,49,۲۹ آذر ۱۳۹۹,کاربر دیجی‌کالا,راستش من به شدت مشتاق بودم این محصول رو برای مطالعه کتاب های زبان اصلی بخرم برای همین نزدیک به یک ماه به دیجی سر میزدم و قیمتشو چک میکردم و شاهد افزایش متناوب و بی دلیلش بودم تا جایی که اعتماد خریدمو از دست دادم!,-1
50,50,کاربر دیجی‌کالا,۲۲ مرداد ۱۳۹۹,چون در حال یادگیری زبان هستم این کتابخوان رو تهیه کردم و واقعا محصول بااصالت و باکیفیتی هست اونایی که میگن بده باید هرچیزی رو تو حوزه خودش مقایسه کرد ..اگه شما با تبلت های گرونم مقایسش کنید قطعا تبلت نمیتونه جای اینو بگیره و این هم نمیتونه جای تبلت رو بگیره واقعا سبک و خوش دست هست و من کتابهای فارسی هم ریختم تا الان که مشکلی نداشتم ولی اگه انتظارات دیگه ازش دارین اصلا اصلا سراغش نرین برای اهل مطالعه و کسایی که دوس دارن کتابهای روز انگلیسی رو بخونن عالی هست و اونایی که میگن قیمتش بالاست بعنوان یه محصول امریکایی از خیلی از تبلت های معمولی کره ای و چینی ارزون تر هست,+1
51,51,۲۲ مرداد ۱۳۹۹,Ali Bararian,قیمت این کتابخوان در سایت آمازون 130 دلار. قیمت اینجا مساوی پول یه لپتاپ !,-1
52,52,Ali Bararian,۱۲ مرداد ۱۳۹۹,تنها انتظارم ازش که خواندن کتاب بود رو‌ برآورده نکرد,-1
53,53,۱۲ مرداد ۱۳۹۹,کاربر دیجی‌کالا,برای کتابخوان ها خوب هست، اما فقط انگلیسی,-1
54,54,کاربر دیجی‌کالا,۲ مرداد ۱۳۹۹,پیشنهاد می کنم عالیه رزولوشن بیشتر، کنتراست بهتر تصاویر و ضد آب بودن.,+1
55,55,۲ مرداد ۱۳۹۹,ابوالفضل رضائی,در مورد متن فارسی باید بگم که نرم افزار های تبدیل PDF به سهولت میتونن متن کتب را بهینه سازی کنن و هیچ مشکلی برای نمایش زبان فارسی وجود نداره تنها ایرادی که میتونه توی ایران داشته باشه اینه که اپ های فیدیبو و طاقچه روی کیندل نصب نمیشه.,-1
56,56,ابوالفضل رضائی,۱۳ مرداد ۱۳۹۹,قیمت کیندل در درگاه امازون 130 دلار در خرداد 99 میباشد و قیمت سه ملیون و هفتصد با دلار بیست تومانی حتی واقعا قابل فهم نیستانهم کتاب یک کالای فرهنگی است نه مثل تبلت ها یک ابزار سرگرمی و تفریح. واقعا دلیل واردات کیندل را هم نمیفهمم چون کیندل ها هیچ ارتباطی با زبان فارسی به هیچ شکلی ندارند و کتاب فارسی در درگاه امازون هم وجود ندارد. اندازه بسیار کوچک کیندل واقعا ازار دهنده است میدانم باید قابل حمل باشد ولی نه این اندازه مناسب نیست و کافی بود اندازه یک سر رسید باشد هم قابل حمل بود و هم قابل استفاده راحت. کیندل جز برای زبانهایی که پشتیبانی میکند مناسب نیست و واقعا ارتباطی با زبان کشور ما ندارد و شایسته و مورد نیاز است تا وارد کنندگان و دلالان زرنگ هم وطن مدلهای کتابخوان اندرویدی را وارد کنند که البته شرکتهای مختلفی تولید کرده اند. کیندل در ایران واقعا گران و بدون کاربرد مناسب است و شرکت امازون بطور کامل ما را تحریم کرده و نصب فیلتر شکن روی کیندل ممکن نیست پس واقعا جز در موارد واقعا اضطراری خرید کیندل برای مقاصد دانشگاهی و خرید کتب خاص انگلیسی هیچ دلیل دیگری ندارد و بهتر است افراد اهل مطالعه دور کیندل را خط قرمز بکشند و در جستجوی مدل های کتابخوان اندرویدی باشند تا هم بتوانند انواع کتابهای ایپاب را بخوانند هم طاقچه و کتابراه و فیدیبو نصب کرده و لذت ببرند,-1
57,57,۱۳ مرداد ۱۳۹۹,مهدی سیف اللهی,عالیه. اگه ادمی هستید که کتاب الکترونیک زیاد میخونید خب کیندل یه ضرورت برای محافظت از چشم هاتون. من اول این کالا رو از ملیز خریداری کردم، ولی مرجوع کردم چون خیلی زود باتری تموم میکرد و صفحه نمایش پرش داشت. مجددا از شمس خریداری کردم، همه چیش عالی بود. مثل مشخصات.,+1
58,58,مهدی سیف اللهی,۱ مرداد ۱۳۹۹,اگر کتاب انگلیسی می خوانید حتما این محصول را تهیه کنید و لذت خواندن بدون خستگی چشم را تجربه کنید.,+1
59,59,۱ مرداد ۱۳۹۹,کاربر دیجی‌کالا,عالیه ولی با این قیمت به هیچ عنوان نمی ارزه,-1
60,60,۱ فروردین ۱۳۹۹,کاربر دیجی‌کالا,خیلی گرون شده ارزش خرید نداره,-1
61,61,کاربر دیجی‌کالا,۱۲ اسفند ۱۳۹۸,اگر قصد خرید کیندل دارید حتما یک بار هم شده از کیندل دوستانتون استفاده کنید یا ویدیو‌هاشو ببینید تا بدونید با چه محصولی مواجهید. اگر اهل مطالعه‌ی زیاد هستید تکنولوژی E-Ink فرشته‌ی نجات چشمان شما دربرابر صفحات مانیتور و موبایل هست. یک کاغذی که تعاملی(interactive) است.با یک بار شارژ تا یک ماه میتونید از کیندل استفاده کنید و میتونید کتاب‌های مورد نظرتون رو با نرم‌افزار calibre از epub به راحتی به mobi که فرمت محلی کیندله تبدیل کنید. (البته از pdf هم پشتیبانی میکنه) درکل کیندل مناسب کساییه که درهمه حالت میخوان کتاب بخونند و حجم زیاد کتاباشون واسشون مشکل زا شده.,+1
62,62,۱۲ اسفند ۱۳۹۸,متین احمدی,چند ماه پیش این کتابخوان رو از دیجیکالا خریدم و باید بگم عالیه. برای من که بالای نود درصد کتاب های که میخونم به زبان انگلیسیه یه تجربه ی فوق العادست‌. خصوصا که عادت داشتم همیشه قبل خواب کتاب بخونم و خب با لامپ روشن خواب آدم ممکنه به تأخیر بیفته که نور بسیار مناسب و عالی این کتابخوان این مشکل خوندن در تاریکی رو رفع می‌کنه. باعث صرفه جویی در هزینه و تمایل خیلی بیشتر به کتابخوانی میشه. البته تجربه ی خوندن کتاب فیزیکی همیشه تجربه ی شیرین تریه اما با توجه به قیمت بالای کتاب های انگلیسی و در دسترس نبودن خیلی هاشون کتابخوان بهترین گزینست. انتظارات من رو کاملا برآورده کرده. تنها معایبی که میشه درش پیدا کرد مشکل کتاب های فارسیه که خب من چون فقط به زبان انگلیسی میخونم برام مشکلی نیست و دومیش اینکه فقط فرمت های ایپاب و موبی رو به نحو احسن اجرا می‌کنه. پی دی اف هم خونده میشه ولی برای زوم کردن و به سری تنظیمات دیگه اونقدر دست آدم باز نیست. البته من اکثر کتاب ها رو به صورت ایپاب سفارش میدم و این مورد اذیتم نمیکنه. نکته ی دیگه اینکه شاید در اولین استفاده کمی مدل تغییر صفحات به نظرتون عجیب بیاد که خب این طبیعیه نباید کتابخوان رو با تبلت مقایسه کرد، بعد یه مدت بهش عادت میکنید .در کل از این خرید کاملا راضی هستم البته تجربه ی کار با کتابخوان دیگه ای رو ندارم و نمیتونم مقایسه ای انجام بدم.,+1
63,63,متین احمدی,۲۷ بهمن ۱۳۹۸,برای ebook خوب ولی pdf خیر,-1
64,64,۲۷ بهمن ۱۳۹۸,کاربر دیجی‌کالا,تنها خواستم بگم اگر می خواهید از طاقچه یا... استفاده کنید، از نسخه اینترنتی استفاده کنید. ایران تحریم هست و کتب ایرانی به آمازون خیلی سخت راه پیدا می‌کنند.,-1
65,65,کاربر دیجی‌کالا,۱۲ بهمن ۱۳۹۸,در کل خوب است و به دیگران اگر کتاب های انگلیسی دوست دارند پیشنهاد می کنم.,+1
66,66,۱۲ بهمن ۱۳۹۸,علیرضا عبداللهی,دیوایس خوبیه اما به نظرم فقط حیف که فارسی و رو خوب ساپ نمیکنه کاش حداقل دوستانی که تو فروش کتاب الکترونیک دست دارن یه مقدار جهانی تر کار کنن و کتب فارسی و تو آمازون هم بفروشن فک کنم برای خودشونم سود داره این کار و باعث میشه آمازون یه مقدار رو فارسی هم وقت بذاره,-1
67,67,علیرضا عبداللهی,۲ بهمن ۱۳۹۸,کسی که کیندل میخره احتمالا میدونه با چه محصولی طرفه. بهرحال اندازه اش رو در نظر بگیرید که فقط کمی از موبایل بزرگتره (میتونه نقطه قوت یا ضعف باشه بسته به توقع),+1
68,68,۲ بهمن ۱۳۹۸,نسرین منبع جود,به نظر من کیفیت خوبه اما قیمت بالاست!,+1
69,69,نسرین منبع جود,۲۱ دی ۱۳۹۸,اگر با متن های غیر از فارسی سر و کار دارید و شیفته مطالعه هستین، با این کتابخوان میشه همه جا مطالعه کرد و بسیار مفیده. منتها باید یک دانش ابتدایی از کامپیوتر داشته باشین که بتونید کتاب ها رو به فرمت مخصوص کیندل تبدیل کنید که از بهترین امکانات دستگاه مثل نوع فونت و هایلایت استفاده کنید.,+1
70,70,۲۱ دی ۱۳۹۸,سپهر رضايي,اگر کسی هستید که میخواید کتاب بخوانید این محصول براتون فایده داره توقع یه گوشی از این محصول نداشته باشید فقط میتونید باهاش کتاب بخونید و اینکه برای کتاب های امازون باید اکانت داشته باید که بتونید کتاب هارو بخونید یا اینکه پول بدید بخرید خیال نکنید اینو بخرید مفتی میتونید برید تو امازون بچرخید ولی بازم اگر فرد کتابخوانی باشید پکیج های خوبی ارائه میده که واقعا به صرفه هست تا خریدن خود کتاب موفق باشید,+1
71,71,سپهر رضايي,۱ آذر ۱۳۹۸,تو این که این کتابخوان عالیه که شکی نیست اما دو تا مورد هست یک اینکه تو سایتهای فارسی نمیتونی بری باهاش و دوم اینکه قیمت جهانیش رو حساب کنی خیلی ارزون تر از این قسمت میشه نمیدونم چرا تو ایران انقد گرونه,-1
72,72,۱ آذر ۱۳۹۸,مهرداد نیازی,کیندل پیپر وایت نسل ده از نظر قطعات داخلی همون نسل هفتمه فقط حافظه ارتقا پیدا کرده این نکته خوبیه ، از نظر قطعات خارجی با مقاوم سازی همون متریال نسل هفتم تونسته قابلیت ضد نفوذ بودن در مقابل گرد و غبار و آب رو کسب کنه که اینم عالیه . تو خریدش شک نکنید من پنج ساله نسل هفتم کیندل پیپروایت رو استفاده میکنم ، نور و نوع تکنولوژی صفحش ابدا چشم رو خسته نمیکنه و پایداری شارژ باتریش خیلی خیلی زیاده چون مصرف بسیار کمی داره ، نسل جدیدش حجم حافظه بسیار بالایی هم داره ، کوچیکه و راحت میشه گذاشتش توی کیف مث ی کتابچه باریک,+1
73,73,مهرداد نیازی,۱۰ آبان ۱۳۹۸,کتابخوان کیندل محدودیت دسترسی به کتابهای خارجی را در ایران تا حد زیادی برطرف می‌کند و از این بابت عالی است. نکته‌ای که باید قبل از خرید به آن توجه داشته باشید، وجود نسخه تبلیغاتی و غیرتبلیغاتی این کتابخوان است. در نسخه تبلیغاتی از تبلیغات خود آمازون به عنوان محافظ صفحه نمایش استفاده می شود و در پائین صفحه اول نیز نوار باریک تبلیغات دیده می شود. البته این تبلیغات هنگام خواندن کتاب وجود ندارند. همچنین وجود پیکسل‌های نورانی در این کتابخوان‌ها مشکلی رایج است که با جستجو در اینترنت متوجه آن خواهید شد.,+1
74,74,۱۰ آبان ۱۳۹۸,محمد سلطانی,اگر اهل کتاب خوندن هستید این نسل خیلی عالیه هم کیفیتش خوبه هم کار کردن باهاش راحته باطری هم دیر خالی میکنه فارسی هم ساپورت میکنه پی دی اف های فارسی رو هم همه ساپورت میکنه ولی اگه فونتش کوچیک باشه یه کم کوچیک نشون میده ولی نه اون طوری که نشه خوند میشه خوند و راحت هم هست...چشم رو که اصلا اذیت نمیکنه...یه خوبی که این نسل داره نور پس زمینه هستش که تو هر محیطی میتونی نورش رو تنظیم کنی و تو تاریکی هم مطالعه کنی و این قابلیت رو نسل هفت نداشت...خلاصه اگه اهل مطالعه هستید بخرید حتما هم بخرید تاکید میکنم اهل مطالعه وگرنه پشیمون میشید,+1
75,75,۳۱ اردیبهشت ۱۳۹۸,هومن بلورچی,با فارسی مشکل نداره یه بنده خدایی هم یه پچ فارسی براش نوشته که مشکلات جزیی با فارسی اگرم باشه برطرف میشه که نداشته تا حالا...فقط اگه زبان اصلی کتاب میخونید عالیه ،من خودم فقط زبان اصلی میخونم و رضایت 100 درصد دارم ..میشه تقریبا تمام کتاب سایت امازون با فرمت امازون تو اینترنت رایگان (به لطف نبود قانون کپی رایت)پیدا کرد و روش نصب کرد ولی خب کتابا فارسی اغلب با فرمت امازون کانورد نشده یا به صورت فایل وورد و ... نیست و pdf هم فقط در صورتی خوب جواب میده که زیاد فونتش کوچیک نباشه چون اگه ادم بخواد هی زوم کنه رو صفحه جابجا بشه رو اعصابه نداشتن هدف و... مزیت نه عیب چون با فلسفه کتاب خوندن مغایرت داره,+1
76,76,هومن بلورچی,۱۸ فروردین ۱۳۹۸,برای کسی که زیاد کتاب می‌خونه و از حمل کتاب‌های سنگین خسته شده، کتابخوان الکترونیک چیزیه که یه روزی بالاخره به خریدش فکر می‌کنه. اما نداشتن حس و حال خوب کتاب کاغذی تنها مشکل با این محصول نیست. متاسفانه خیلی کندتر از چیزیه که با پیشرفت حال حاضر تکنولوژی انتظار می‌ره و کتاب‌های پیچیده که داری چند ستون و گراف و تصویر و ... هستن رو اصلا خوب پردازش نمی‌کنه. من این کتاب‌هام رو هنوز با لپ‌تاپ می‌خونم. این موارد تا مدت‌ها من رو از خریدم سرخورده کرده‌بود اما در مجموع سبکی‌ش و راحتی استفاده باهاش در مورد رمان‌ها و مقالات تک ستونی، باعث می‌شه از داشتنش راضی‌ باشم.,+1
77,77,۱۸ فروردین ۱۳۹۸,Parnian Dehesht,برای کسی مثل من که خیلی کتاب میخونم این نسل جدید عالیه واقعا راحت کرده کارمو هم کوچیک و جم و جوره هم نسبت به کاراییش قیمتش خوبه چون مدلای دیگه قیمتاشون خیلی بالاتره و تقریبا همین کاراییارو دارن LCD خیلی خوبه چشم خسته نمیشه چند تا فرمت مختلف و میخونه مهمترین چیزی که تو نسل جدید این کتاب خوانا هست اینه که میشه باهاشون کتاب صوتیم گوش داد,+1
