text,polarity
من چون کالبهای حجیم زیاد میخونم و مطالعه م غالبا توی راه هست برام خیلی مفیده اما کاش ارزنتر بود,1
خوبه  .,1
 جز ضد آب نبودنش ، تفاوت چندانی با مدل paperwhite نداره  .,2
این وسیله ، بر خلاف چیزی که توی مشخصاتش ظاهرا هست ، قابلیت پخش صدا و اصلا پورت aux نداره  .,2
 اصلا ضد آب نیست ، توی دفترچه راهنماش نوشته حتی بارونم بهش نخوره  .,2
 ( ظاهرشم نشون میده نیست ) کتابخوان که در کل بد نیست ، ولی اینی نیست که فکر می‌کنید دارید میخرید  .,2
 پس توصیه میکنم مدل دیگه یا از فروشنده‌ی دیگه خرید کنید  .,2
برای کسانی که زیاد کتاب می‌خوانند,1
سلام ، کتابخوان خوبی است  .,1
 تنها اینکه عکس‌هایی که گذاشته‌شده‌برای نسخه Paperwhite است اما این نسخه ، نسخه Basic است  .,2
با تصاویر کالا خیلی متفاوت‌بود و آنچیزی نبود که انتظار داشتم ،,2
یه کیندل خوب و باکیفیت که حس خوندن کتاب فیزیکی رو بهتون القا می‌کنه و چشم‌ها رو ضعیف و خسته نمی‌کنه  .,1
 حالا هم که با افزایش شدید قیمت کتابها بیشتر از قبل ارزش خرید پیدا کرده  .,1
 نور صفحه‌ی نمایش را می‌تونید کاملا حذف کنید یا اونو هر چقدر خواستین کم و زیادش کنین  .,1
 مصرف باتری خیلی کمی هم داره  .,1
 از خریدش پشیمون نمیشید  .,1
سلام بسیار عالی هست نسبت به قیمتش و تبلیغات داره,1
من رنگ سفید را خریدم ، قبل از هر چیز باید بگویم این دستگاه بسیار زیباست و بسیار خوش دست ، از لحاظ اندازه ، طراحی دقیق و ظریفی دارد که لذت کتاب خواندن را دوچندان می‌کند  .,1
 و اما نکته ی اصلی ؛ تمام خوبی‌های این دستگاه مربوط به تکنولوژی ساخت صفحه است  .,1
 از لحاظ کیفیت و نورپردازی و سایر امکانات ، برای مطالعه بهترین حالت ممکن را فراهم می‌کند ، برای چشم هرگز خسته‌کننده نیست و وزن بسیار سبکی هم دارد  .,1
 به هیچ عنوان با تبلت قابل مقایسه نیست  .,1
 درباره ی سرعت کم این دستگاه هم باید بگویم که چه بهتر  !,1
 این ویژگی این وسیله ، و سبب تمایز این دستگاه محسوب می‌شود ، در واقع باعث می‌شود شما تنها برای خواندن کتاب به سراغش بروید و نه کارهای دیگر  .,1
 کیندل برای هدفی که ساخته‌شده‌است بهترین نمونه است  .,1
 توصیه می‌کنم قبل از رسیدن دستگاه نرم‌افزار Calibre را نصب کرده و فایل‌های پی دی اف را به MOBI یا AZW3 تبدیل کنید  .,0
 در ضمن فراموش نکنید کیندل امکان دسته‌بندی موضوعی فایل‌ها و کتاب‌هایتان را در قسمت Library فراهم می‌کند  .,1
خیلی خوبه راحت مقاله و کتاب‌ها جزوات میخوانم باتری تو روزی پنج شیش ساعت مطالعه حداکثر بیست سی درصد کم می‌شود و چشم را اصلا اذیت نمی‌کند کتاب‌هایی که که با کاغذ a3 به پایین هست خواندنشون خیلی سخته برنامه کالیبر هم برای تغییر فرمت کتاب‌ها حتما روی کامپیوتر نصب کنید,1
این نسخه‌ای که برای من ارسال‌شده‌از بازار ژاپن خریداری کردن و تبلیغات داشت  .,2
 خارجی‌ها نوشتند که اگر با پشتیبانی آمازون تماس بگیرین و بگین که تبلیغات ممکنه برای فرزندم / برادر / خواهر کوچکم نامناسبه اونها بلافاصله و بدون دریافت هیچ هزینه‌ای این تبلیغات رو حذف میکنن  .,0
 با آمازون امریکا که صحبت کردم گفتند حذف شدنیه منتها چون برای ژاپنه باید پشتیبانی اونها تایید بده  .,0
 بعد از صحبت با اونها متوجه شدم تمام نسخه‌های ژاپنی تبلیغات دارند و طبق گفته پشتیبانی ، تبلیغات این نسخه‌ها حذف کردنی نیست چون آمازون با قیمت پایین تر این نسخه رو میفروشه  .,0
 در هر صورت موفق به حذف تبلیغ نشدم  .,2
 درباره عمل‌کرد دستگاه ، همه دوستان توضیحات رو دادن  .,0
 بسیار با کیفیته  !,1
 حرف نداره  .,1
 منتها باید ببینین چقدر کتاب میخونین اگر صرفه اقتصادی داشت بعد بهش فکر کنین  .,1
 اگر دنبال کتابخوان هستین لازم نیست بیشتر هزینه کنین و این دستگاه بهترین گزینه است منتها فایل کتابهای فارسی کمه و این کمی آدم رو دلسرد میکنه  .,1
 در مجموع ، من چون با کتابهای انگلیسی سروکار دارم هیچ مشکلی نداشتم جز تبلیغات ( حالت اسکرین سیور دستگاه ، تبلیغ آدیبل آمازون یا خود سایتش میاد ) .,1
 در غیر اینصورت در خرید محصول شک نکنین,1
اگر به دنبال یک کتابخوان با قیمت مناسب هستید این مدل مناسب شماست  .,1
 من قبل از خرید چندتا ویدیو نقد و بررسی از این مدل کیندل پایه و مقایسه اون با مدل‌های پیپروایت و اوسیس دیدم و ترجیح دادم این مدل رو بگیرم  .,1
 برای شخصی مثل من که میخوام فقط کتاب بخونم و نه قراره تو آب ببرم و نه کتاب کمیک و  ..,1
 بخونم باهاش این مدل کاملا جوابگو هست  .,1
 تا الانم بعد از چند روز استفاده کاملا ازش راضی هستم  .,1
 نکته خوبش برای من این‌بود که بدلیل تکنولوژی صفحه با طولانی مدت خوندن اصلا چشم اذیت نمیشه و در تمام شرایط نوری محیطی میشه ازش استفاده کرد بدون اینکه چشم اذیت بشه  .,1
 در کل من خیلی راضیم ازش  .,1
 از دیجی کالا هم ممنونم بابت دقت و سرعت در ارسال کالا  .,1
اندازه صفحه برای مطالعه مناسب نیست  .,2
قاعدتا کتاب‌های گرافیکی و سنگین رو نمیتونه باز کنه اما باز هم سعیش رو میکنه و تا جاییکه بتونه پردازش کنه تصویر رو هم نشون میده  .,2
 بهتر حتی ، تصاویر نسبتا ساده رو خیلی خوب نشون میده  .,1
 قابلیت‌های دیکشنری و یادداشت نویسی هم خیلی خوبه  .,1
 من واقعا دوسش داشتم  .,1
دستگاه خوبی است  .,1
 من پی دی افی را روی آن ریختم که عکس‌بود  .,1
 فرتوری که گذاشته‌ام ، همان کتاب است  .,1
 پس نمی‌دانم کتاب‌های تایپ‌شده‌ی فارسی را چگونه نمایش می‌دهد  .,1
 روشنایی خوبی دارد و می‌شود روشنایی را کم و بیش نیز کرد  .,1
 اگر خواننده‌ی کتاب نیستید ، نگیرید که به کارتان نمی‌آید  .,1
 ولی اگر کتاب بسیار می‌خوانید ، خریدنش بایسته است  .,1
 ( فارسی را هم همیشه پاس بداریم و زیبا و درست بنویسیم ) .,0
 شادکام باشید  .,0
لطفا این محصول رو در شگفت‌انگیز قرار بدین :)),0
من خواهرم خریده خیلی خوبه منم استفاده میکنم و خیلی راضیم,1
با تشکر از زحمات تمامی کارکنان digikala محصول عالی و خدمات شرکت عالی می‌باشد  .,1
 تشکر و خسته نباشید,0
رنگ مشکیشو تهیه کردم نسبت به گوشی و تبلت وزن بسیار سبکی داره خوش دسته و نورشم اصلا چشم رو اذیت نمیکنه خودتون میتونین راحت تنظیمش کنین از طریق بلوتوث راحت به هدست وصل میشه فونت و زوم صفحه رو دستی میشه تغییر داد و دیکشنری به چند زبان داره و راهنمای کاملشم به زبان انگلیسی ( ساده ) هست میتونین لغت نامه خودتون رو داشته باشین به یسری سایت‌ها وصل میشه ولی فقط بدیش اینه که وقت تو گوگل سرچ میزنم هیچ سایتی رو برام باز نمیکنه حتما باید ادرس دقیق اون سایت رو داشته باشین تا بالا بیاد و اینکه کتاب رایگانی پیدا نکردم و قیمتا همش به دلاره  .,1
 بهتره خودتون از طریق لبتاب pdf یا فایل صوتی کتاب رو بریزین خیلی جالب‌بود که هر دفه که در حالت لاک اسکرین‌بود تصویر پس زمینه متفاوتی داشت ولی بدیش اینه مصرف باتری رو زیاد میکنه و من گزینه‌ای برا خاموش کردنش پیدا نکردم تا به حال با همچین دستگاهی کار نکرده‌بودم ولی اگه زبان انگلیسی بلد باشین تو یکی دو ساعت همه چی دستتون میاد,1
خوب بود,1
واقعا فوق العاده است ، اگر بزرگتر‌بود بهترم میشد  .,1
سلام من این نظر رو بعد از 3 روز و تست همه ی گزینه هاش میذارم  .,0
 از نظر سخت افزاری اصلا شکی بهش نیست کاملا جوابگو هست ، از نظر نرم‌افزاری هم نگران کتابهای فارسی نباشید می‌تونید pdf رو انتقال بدید به document و به راحتی بخونینش فقط یه مشکلی که ایجاد میشه سایز حروف کوچکتر دیده میشه و برای حل این هم میتونید صفحه رو بچرخونید و افقی مطالعه کنید که البته خودم اینکارو نمی‌کنم و اندازه اش برام مناسبه  .,1
 برای کتابهای pdf انگلیسی همان‌طور که دوستان گفتن برنامه calibre رو روی لپتاپتون بریزید و لذتشو ببرید  .,1
واقعا عالیه ، من برای هدیه خریدم و‌خوشبختانه خیلی خوب‌بود  .,1
دستگاهی که برای من ارسال شد دارای تبلیغ‌بود اگر چه تو قسمت پرسش و پاسخ گفته‌شده‌بدون تبلیغ هستش  .,2
 این دستگاه فقط فرمت mobi ، awz3 را پشتیبانی می‌کند البته میتوانید با نرم‌افزار Calibre فایل‌های دیگر را هم تبدیل کنید اما اکثرا فونت‌ها و قالب درستی پیدا نمی‌کنند,0
این مدل ( مدل پایه ) اگرچه تراکم پیکسلی کم‌تری نسبت‌به مدل پیپروایت داره و ضدآب نیس ولی طبق تجربه خودم اگر هدف‌تون صرفا خوندن کتاب باشه اصلا با این مدل به مشکل نمی‌خورید  .,1
 تنها مشکلش در خصوص کتاب‌های مصوره در حالتی که کامل زوم‌اوت می‌کنید ، که باز هم به‌نظرم مشکلی به حساب نمی‌آد چون با زوم کردن مشکل حل می‌شه ( بنابراین ، راجع‌به کتاب‌هایی که فقط چندتا عکس ، نمودار و غیره دارن که اصلا نیاز نیست نگران باشید ) .,1
 فقط بحث ضدآب بودن می‌مونه که چون خونه‌ام استخر نداره و علاقه‌ای هم به خوندن کتاب زیر دوش ندارم پس برای من این موضوع مسئله‌ای نبود و برای شما می‌تونه متفاوت باشه  .,0
 از ویژگی‌های خود دستگاه هم می‌تونم بگم سرعت مناسبی داره ( منظورم اینه که اون تاخیرهایی که شاید تو ویدیوهای بررسی دیده باشید چیزی نیست که رو مخ بره )؛ یه دیکشنری انگلیسی به انگلیسی هم داره که می‌تونه کمک‌کننده باشه بعلاوه جستجو در ویکی‌پدیا که میشه به هر دوشون در طول مطالعه خیلی سریع دسترسی پیدا کرد  .,1
 نکته‌ای که در مورد کیندل‌ ( همه‌ی مدل‌ها ) هست اینه که در مجموع برای مطالعه کتاب‌های فارسی شاید یکم جالب نباشه  .,2
باسلام  .,0
 کتابخوان آمازون کیندل ، از محصولات با کیفیت در ردیف کتابخوان‌های دیجیتال هستش  .,1
 فقط قیمتش معقولانه نیستش  !,2
 با توجه به کاراییش  .,0
 به تمامی کسانی که اهل مطالعه هستند ( چه کتاب‌های فارسی و چه  ...,0
) توصیه میکنم  .,1
 فقط‌ای کاش زبان فارسی رو هم پشتیبانی میکرد  !!,2
 منظورم سخت بودن کار با زبان انگلیسی نیست  !,0
 بلکه یجورایی وقتی محصولی زبان فارسی رو پشتیبانی میکنه ، خیلی محبوب تر میشه و این اصل متاسفانه با توجه به دلایل  ...,2
 انجام‌نشده‌، و نمیشه  !,2
 خیلی راحت کتاب‌های مورد علاقمو از طریق کامپیوترم انتقال دادم به کتابخوان  .,1
 ایکاش در فروش این کالا ، کیف محافظشم در کنارش باهم برای فروش بزارن  .,2
 در مجموع اگر حداقل در روز بیشتر از نیم ساعت وقت مطالعه دارید و همچنین واقعا کتابخواندن براتون یک نوع عادت محسوب میشه تهیه کنید  .,1
( فرهنگ کتابخوانی ) اگر این شرایطو ندارید پیشنهاد میکنم تهیه نشود  .,0
 چون بعد یمدت کنار میزاریدش  !!.,0
امکان خرید قسطی رامهیا کنید,0
برای کتابهای انگلیسی خوبه,1
این مدل kindle Basic هست ولی عکس kindle paperwhite گذاشته‌شده‌ .,2
‌ای کاش بزرگ تر‌بود ولی باز هم بد نیست,2
من تازه گرفتم و راضی هستم  .,1
 دوستان توجه کنید این وسیله صرفا مخصوص مطالعه هست و نباید به هیچ وجه کیفیت صفحه نمایش و سرعت پردازش دستگاه رو با گوشی‌های هوشمند مقایسه کنید  .,1
 بسیار سبکه و دستتون خسته نمیشه و چشم رو هم اذیت نمیکنه  .,1
 وضوح صفحه نمایش توی نور خورشید فوق العادست ( بر خلاف تبلت‌ها ) .,1
 این مدل ضد آب نیست  .,2
 اگه ضد آب میخواید باید بیشتر هزینه کنید و مدل Paperwhite بخرید که گرونتر هست  .,0
 برای استفاده ی بهتر و اینکه صفحات کتاب با صفحه نمایش شش اینچی دستگاه مچ بشه ، باید حتما نرم‌افزار Calibre ; رو دانلود و روی لپ تاپ یا سیستمتون نصب کنید و pdf‌ها رو کانورت کنید  .,0
 فرمتی که مچ هست با کیندل ، فرمت AZW3 ; هست  .,0
 فایل‌های PDF ( چه فارسی و چه انگلیسی ) را با نرم‌افزار Calibre به این فرمت‌ها تبدیل کنید و با USB کتابخوان به پوشه ی Document انتقال بدید  .,0
 شارژ باتری اونقدرها هم که آمازون مانور داده روش زیاد نمیمونه ولی در کل رضایتبخشه  .,1
 هیچ باگی موقع برگ زدن کتاب و استفاده ازش نداره ( بر خلاف نمونه مشابه ایرانی ) .,1
با نرم‌افزار calibro عالیه ، من برای کتابهای انگلیسی ازش استفاده میکنم,1
برای کسانی که کتاب انگلیسی زیاد میخونن خیلی عالیه,1
من از فروشگاه مثلث خریدم که تازه موقعی که داشت بازه ی تحویل تموم میشد ( 2 دقیقه مانده به پایان بازه ی تحویل ) به من زنگ زدن گفتن که اگه هستین ساعت 8 شب بفرستیم  .,0
 اما راجب خود محصول فوق العادست برای کتاب خوندن  .,1
 راحت میتونین سینک کنین  .,1
 اگه کتاب فارسی میخونین کمتر به دردتون میخوره اما برای کتاب انگلیسی خیلی خوبه  .,1
خیلی خوبه واقعا دوسش دارم  .,1
 اولش یکم سخت‌بود که بفهمم چطوری باید کتابارو بریزم روی کیندل ، اما یکی دو تا سرچ گوگل واضح و مشخص توضیح داده شده‌بود و حل شد  .,1
 خیلی عالیه ، حتما پیشنهاد می‌کنم,1
اول یه نکته‌ای  .,0
 این کیندل توی قسمت پریش و پاسخ نوشته‌بود تبلیغات نداره ولی برای من داره  .,2
 وسیله خوبیه بیشتر به درد کسایی میخوره که زیاد کتاب انگلیسی مطالعه میکنن  .,1
 اگر جزو این دسته نیستین خیلی به قیمتش نمی‌ارزه  .,2
 دیکشنری چندتا داره و خودتونم میتونین بهش دیکشنری اضافه کنین ولی همشون انگلیسی به انگلیسی هستن یعنی نمیتونین دیشکنری انگلیسی به فارسی داشته باشید  .,2
 شارژ رو خوب نگه میداره  .,1
 برای مطالعه کتابم دوتا ره دارید یا کتابها رو از کیندل بخرید که خوب با شرایط تحریما و قیمت دلار یکم مشکل و پرهزینه‌ست  .,2
 راه دوم اینه که کتاب دلخواهتونو با سرچ از اینترنت دانلود کنید و با کابل از لپ تاپ بریزید تو کیندل  .,0
 اما نسخه کتاب حتما باید mobi باشه که برای این کار باید جداگانه نرم‌افزار‌های converter استفاده کنید  .,0
 اگه اینا براتون مشکل محسوب نمیشن کیندل گزینه خوبیه  .,1
کتابخوان کیندل 10Gکلاسیک را خریده‌ام  .,0
 تقریبا اندازه طول دستمه  .,1
 با یک برنامه ساده که سرچ کردم پی دی اف‌ها را تبدیل کردم و برای کیندل مناسب شد  .,1
 البته تبدیل‌نشده‌هم می‌شه خواند اما فونت‌ریز می‌شه و بهتره تبدیل بشه  .,1
 مطالعه با این کتابخوان تجربه خیلی خوبیه  .,1
 کاملا سبکه  .,1
 از تنظیم نورش هم راضی هستم  .,1
 سرعتش هم خوبه  .,1
 آگهی و تبلیغات نداره و تا روشن کردم به روز‌رسانی شد  .,1
 دوسه‌تا دیکشنری خوب داره برای خواندن داره که البته انگلیسی به انگلیسه ولی شرح ساده‌ای داده و به خوبی معنی کلماتی که نمی‌دونم را می‌فهمم  .,1
 از دو هفته قبل که شارژ کرده‌ام هنوز چهل درصد شارژ داره با اینکه تقریبا هر روز نیم ساعت مطالعه کرده‌ام  .,1
 خیلی راضی هستم  .,1
بهترین وسیله برای مطالعه بخصوص با توجه به صنعت مرده انتشارات  .,1
خوبه  .,1
بهترین برای مطالعه کتاب ، تا وایفای رو وصل کردم ، آپدیت شد و یک بروزرسانی خوب ، بلوتوث هم فعال شد  !!...,1
 من چون هدفم فقط کتاب خوانی‌بود برام فرقی نداشت ضد آب باشه یا نه ، تمامه کلیپهای بررسیشو تو یوتویوب با مدل پیپروایت دیددم ، با این که پیپروایت کیفیتش 300 دی پی آی‌بود ولی تو خوندن کتاب هیچ فرقی با مدل سادش نبود ، برای همین نیازی ندیدم مدل بالاتر بگیرم ، و نزدیک بکه 800 هزار صرفه‌جویی کردم,1
سال هاست که کتاب خوان استفاده میکنم و این یکی رو برای هدیه گرفته‌بودم ، عالیه ، هر اهل کتاب باید داشته باشه مخصوصا برای زبان‌های دیگه,1
با سلام و احترام عکس‌های محصول مربوط به نسخه‌ی پیپروایت با قیمت 149 دلار است ، ولی این محصول در واقع نسخه‌ی Basic با قیمت 89 دلار می‌باشد  .,2
