text,polarity
با سلام  .,0
 بعد از یک هفته استفاده دستگاه هنگ کرد و متاسفانه قابل تعمیر نبود ، ا ز طرف فروشگاه و دیجی کالا هم ساپورتی صورت نگرفت  .,2
 طی تما با فروشنده ، برخورد ایشان هم نامناسب و توهین آمیز‌بود  .,2
متاسفانه نسخه با تبلیغات را دریافت کردم  .,2
 تبلیغات آن آزار‌دهنده است و مرتب‌سازی کتابخانه را با مشکل مواجه می‌کند  .,2
 برنامه اصلی آن هم در هنگام باز کردن کتابها با خطا مواجه می‌شود  .,2
 اکانت آمازون امکان ثبت شماره موبایل نمی‌دهد و امکانات آن شامل کالکشن‌ها فعال نمی‌شود  .,2
 بعد میگن سرانه کتابخوانی پایین هست سپاس,2
در کل بسیار خوبه  ...,1
 مخصوصا برای متن‌های انگلیسی  .,1
 البته بعضی فایل‌های فارسی راهم خیلی خوب نمایش میده  .,2
 در حالت افقی متن را با انازه کتاب نشان میده  .,1
 PDF فارسی و سایر فایل‌های انگلیسی را به خوبی پوشش می‌دهد  .,1
 حافظه داخلی 6 گیگ داره  ...,1
 که واقعا کافیه  .,1
 با USB که به کامپیوتر وصل کنید  ..,1
 میتونین فایل‌های مورد نظرتون را به قسمت document منتقل کنین  .,1
 باwifi به اینترنت وصل میشه و اگر حساب کاربری آمازون داشته باشین  ..,
 میتونین از کتاب‌های آمازون هم استفاده کنین  .,1
 در ضمن چه در روز و چه در شب چشم را اذیت نمی‌کنه  .,1
برای استادو دانشجو و هر کسی که دنباله دانشو علم و  ...,1
 خوبه,1
فضای مطالعه با تبلت و موبایل بسیار متفاوت بوده و با کمی خلاقیت و تلاش میشه کتابهای مورد علاقه رو داخل کتابخوان مطالعه کرد از فارسی پشتیبانی میشه حتی افزودن فونت فارسی هم محیا است,1
مطابق با توضیحات‌بود ممنون,1
من چندین سال است که کیندل دارم ، متاسفانه آخرین کیندلم رو ازم دزدیدن ، بنابراین در این اواخر مجبور شدم فیدیبو بگیرم  .,1
 با وجوداین دلم تنگ شده‌بود برای کیندل ، به نظر هر کسی که به زبان انگلیسی تسلط داره و اهل کتاب است ، خوبه که یک دونه کیندل داشته باشه  .,1
 در ضمن باید بگم که فیدیبوک هم بسیار عالیه و واقعا دسته کمی از کیندل نداره به خصوص برای کتاب‌های با زبان فارسی  .,1
خب خیلی حس خوبی‌بود کلا از وسایل خیلی محدود الکترونیکی خوشم نمیاد دوست دارم یه چیز همه کاره بگیرم ولی با توجه به چشم درد خستگی چشم از موبایل و مانیتور به سمت کیندل اومدم,1
تجربه حدود دو هفته استفاده از این دستگاه  ...,1
 ابتدا که دستگاه را از جعبه درآوردم قدری تو ذوقم خورد  .,2
 دستگاهی بسیار سبک ، با صفحه‌ای سیاه و سفید و بدون بسیاری از امکانات تبلت و گوشی  .,2
 اما در مدت دو هفته گذشته ، همین سبک وزنی و همان صفحه ساده ، به مهمترین عامل برتری این دستگاه تبدیل شد و الان عاشق کیندل هستم  .,1
 دستگاه برای خواندن متون انگلیسی ساخته‌شده‌ .,1
 من کتاب فارسی با فرمت AZW3 هم در آن ریختم  .,1
 در نمایش و چینش کلمات فارسی هیچ مشکلی نداره اما برای خواندن کتاب فارسی به هیچوجه توصیه نمیشه چون با دستگاه‌های ارزانتر می‌توان نتیجه بهتری گرفت  .,2
 یک دیکشنری انگلیسی به فارسی نصب کردم که به خوبی عمل می‌کنه و بدون هیچ مشکلی کلمات را نمایش میده  .,1
 برای خواندن کتاب‌های انگلیسی فوق العاده است  .,1
 می‌توانید بدون هیچ مشکلی ، ساعتها در دستتان نگه دارید و بدون اذیت شدن چشم ، چندین ساعت به آن خیره شوید  .,1
 هیچیک از این دو مزیت را در گوشی و تبلت نمی‌توانید داشته باشید  .,1
 مخصوصا در حالت خوابیده و درازکش ، شما را از دشواری نگه داشتن یک کتاب سنگین بالای سرتان راحت می‌کنه  .,1
 اما پس از همه این مطالب  ...,0
 امان از قیمت  .,2
 امان  ...,0
 این دستگاه با قیمت فعلی ، فقط به کسانی پیشنهاد میشه که هر ماه دستکم یک یا دو کتاب مطالعه می‌کنند ( و در واقع خیلی شدید به این افراد پیشنهاد میشه )  .,2
 اما کسی که در سال دو کتاب می‌خونه منطقی نیست که برای چنین دستگاهی هزینه کنه  .,2
خیلی از خریدم راضی‌ام و با توجه به اینکه روزی حداقل 4 ساعت مطالعه می‌کنم نسبت به موبایل خیلی خیلی بهتره چون نور پس‌زمینه نداره که چشم رو اذیت کنه  .,1
 اگر استطاعت مالی دارید سایز بزرگترشو بگیرید خیلی بهتره  .,1
صفحه نمایش در تابش مستقیم نور خورشید بسیار عالی هست و همانند کاغذ می‌باشد  .,1
 در محیط با نور کم و عدم تابش نور مستقیم خورشید یا لامپ باید نور پس زمینه دستی تنظیم شود که بعد مدتی کار کردن قلق در‌ان دستتان می‌اید,1
برای علاقه مندلن کتاب به خصوص کتاب‌های خارجی با فرمتpdf ، mobi بدون اذیت شدن چشم,1
اینکه pdf‌های فارسی روش خیلی‌ریز میشه و آدم نمی‌تونه بخونه و من اصلا خوشم نیومد,2
خیلی عالی و مناسب برای کتاب خواندن طولانی,1
سلام یکی از بهترین وسایل الکترونیکی کتابخوان‌ها هستن ، مخصوصا کیندل  .,1
 من هم مثل همه افراد دیگه که این محصول رو خریدن تجربه استفاده دلچسبی داشتم  .,1
 خیلی خوبه که وسیله‌ای داشته باشید که به جای کشتن وقت توی اینستاگرام یا بازی کردن ، باهاش کتاب بخونید و از وقت‌های مرده خودتون استفاده مفید کنید  .,1
 در مورد تجربه خرید : من 2 بار این محصول رو تهیه کردم ، در ابتدا فروشنده بهرامی مارکت‌بود که کالای باز‌شده‌و دست دوم ارسال کرده‌بود که بسیار تجربه خرید ناراحت کننده‌ای بود  .,2
 البته دیجی کالا ، کالا رو مرجوع و در کمتر از 24 ساعت مبلغ رو واریز کرد  .,2
 ولی به هر حال پیشنهاد میکنم از بهرامی مارکت نخرید  .,2
 از طرف دیگه &# 34 ; کتابخوانی &# 34 ; کالای کاملا اورجینال ارسال کرد و حتی نایلون روی محصول که آمازون ، کیندل رو توی اون ارسال میکنه باز نشده‌بود  .,1
 در مورد خود محصول : 1 - با توجه به اطلاعاتی که همه کاربران دادن دیگه نیاز به گفتن چیزی نیست ، به غیر از اینکه ورژن با تبلیغات تفاوت زیادی با ورژن عادی نداره ، فکر خودتون رو درگیر تبلیغات نکنید چون زمان کتاب خواندن هیچ مزاحمتی نداره و فقط در لاک اسکرین نمایش داده میشه که اصلا بد نیست  .,1
 2 - برای مطالعه کتاب انگلیسی کیندل رو توصیه میکنم ، اگه قصد خوندن کتاب فارسی دارید و کتاب شما توی فیدیبو هست پس تهیه فیدیبوک معقول تر و به صرفه تره  .,2
 البته تجربه استفاده شخصی ندارم ولی توی یوتوب میتونید تجربه استفاده اشخاص رو پیدا کنید که به نظر خوبه 3 - در زمان این کامنت آخرین نسخه آپدیت نرم‌افزار 5.13.7 هست که اگه با انجام آپدیت از طریق منو انجام نشد میتونید به صورت دستی و با کپی آخرین ورژن توی کیندل از طریق کامپیوتر ، آپدیت رو انجام بدین,1
یکی از بهترین محصولات آمازونه  .,1
 از نسل‌های قبلیش فقط تو زمینه feature‌های نرم‌افزاری بهتره و ضد آب بودن  .,1
 نمایشگر همون 6 اینچه با 300 dpi که خیلی هم عالیه  .,1
 باتری با دوام چند هفته‌ای داره اگه استفاده در حد یک ساعت در روز باشه  .,1
 فقط حواستون باشه که به هاب وصلش نکنین ، مستقیم کابلش رو به پورت pc یا لپتاپ بزنین  .,1
 در ضمن بعد از register شدن حالت dark mode هم داره  .,1
 میتونین هم register نکنین اگه نخواستین ولی feature‌های زیادی اضافه میکنه مثل collection‌ها که همون فولدر داخل kindle میشه که خیلی ضروریه  .,1
 در کل عالیه  .,1
وسیله‌ای به شدت کاربردی خصوصا برای مطالعه فایل‌های pdf و جزوات و درسها و کتابهای مورد علاقه,1
قبل از خرید اصلا انتظار نداشتم چنین تجربه دلچسبی داشته باشم  .,1
 قبل از کار کمی وقت بگذارید و توسط نرم‌افزار calibre کتاب‌های فارسی epub تان را توسط آموزش‌هایی که در اینترنت یافت می‌شود به فرمت kfx تبدیل کنید ، کتاب‌ها را به پوشه documents و فونت‌های فارسی تون رو به پوشه fonts انتقال بدید تا در کیندل به راحتی شناسایی بشن و بتونید از تمام قابلیت‌های کیندل بهره مند شوید  .,1
بعد از روشن کردن و تنظیمات اولیه ، حساب کاربری آمازون میسازید که ساختنش خیلی ساده است  .,1
 ایمیلی به شما میده  .,0
 هر فایل PDF که خواستید روی کیندل مطالعه کنیدکافیه به اون آدرس ایمیلی که داده ایمیل کنید و در قسمت موضوع بنویسید & amp ;# 34 ; convert & amp ;# 34 ; خودش تبدیل میکنه نیازی به نرم افزارهای اضافه و سایت‌های تبدیل فرمت آنلاین وجود نداره  .,0
 برای مطالعه متن حرف نداره اما اگر کتابی که مطالعه می‌کنید جدول و فرمول‌های زیادی داشته باشه ممکنه جداول و فرمول‌ها کاملا صحیح نشون نده  .,2
 1 - به هیچ وجهه انعکاس نور نداره 2 - وقتی دستتون میگیرید سبکه 2 - مطالعه با کیندل راحت تر از مطالعه با کتاب هست 3 - هربار که روشن می‌کنید بر میگرده صفحه‌ای که آخرین بار می‌خوندید 4 - ضدآب هست و این خیالتون راحت میکنه برای مطالعه در هر شرایطی علی‌الخصوص کنار استخر,1
از نقاط قوت دستگاه اینه که صفحه نمایشش واقعا چشم رو خسته نمیکنه ، مطالعه باهاش خیلی راحته چون یه دستگاه سبکه که شما تو هر وضعیتی اعم از خوابیده و نشسته پشت میز و در حال راه رفتن و  ...,1
 می‌تونید بگیرید دستتون و از مطالعه لذت ببرید  .,1
 دستگاه یکم کنده ، ولی خب عادت می‌کنید و زیاد اذیت نمیکنه ولی نمیشه انتظار داشت در حد گوشی روان کار کنه  .,2
 ولی این کندی موقع مطالعه ی کتاب اصلا به چشم من نیومد و موقع مطالعه کاملا راحتم باهاش  .,1
 موقع باز و بسته کردن کتاب و استفاده از مرورگر و اینها کمی کنده  .,2
 فایل‌های فارسی اگر پی دی اف باشه و فونتش هم نسبتا درشت باشه هیچ مشکلی با خوندنش ندارید  .,1
 فایل‌های انگلیسی هم اگه فرمت mobi یا چیزی باشه که دستگاه پشتیبانی کنه بهتره چون بهتر از امکاناتش میتونید استفاده کنید مثل تغییر اندازه ی فونت و نوع فونت و  ...,1
، من پی دی اف‌های انگلیسی به ایمیل کیندلم فرستادم و در قسمت موضوع نوشتم convert و خود کیندل برام پی دی اف رو تبدیل کرد به فرمتی که در دستگاه راحت خونده بشه  .,1
 البته برای بقیه ی فرمت‌ها مثل epub هنوز این روش رو امتحان نکردم ولی برای پی دی اف این روش جواب میده و نیازی هم نیست حتما پی دی اف رو جداگانه به چیز دیگه‌ای تبدیل کنید  .,1
 فایل‌های epub هم با نرم‌افزار قابل تبدیل شدن به mobi رو دارن و کار آسونیه  .,1
 شارژ رو نسبتا خوب نگه می‌داره ولی فکر نکنم اونجور که میگن برای چند هفته نگه داره ، نهایتا یک هفته  .,1
 البته بستگی به استفاده هم داره و هرچی بیشتر از وای فای استفاده کنید زودتر شارژ تموم میکنه  .,1
 برای یادگیری زبان و خوندن کتاب انگلیسی فوق العاده مفیده  .,1
 دیکشنری داره که می‌تونید موقع خوندن اگه معنی کلمه‌ای رو نمی‌دونستید روش نگه دارید و معنیش رو خودش از دیکشنری پیدا میکنه و نشون میده  .,1
 بعد کلماتی رو که سرچ کردید ذخیره میکنه با اون جمله ی متن که این کلمه توش‌بود و خودش براتون فلش کارت هم درست میکنه  .,1
 تو قسمت vocabulary builder این امکان رو داره  .,1
 کلا برای انگلیسی خوندن خیلی مفیده ولی برای فارسی چندان مطمئن نیستم  .,1
 شاید برای کسی که بیشتر دنبال مطالعه به زبان فارسیه بهتر باشه بیشتر به فیدیبوک فکر کنه  .,2
با سلام و خسته نباشید همه چیز عالی فقط زمان تحویل با یک روز تاخیر,1
وسیله پرکاربرد برای افراد کتاب خوان که باعث کاهش هزینه خرید کتاب و صرفه‌جویی در مصرف کاغذ میشه  .,1
 بنده استفاده کردم ، به راحتی میشه فایل PDF کتاب‌ها رو اد کرد و استفاده نمود  .,1
کتاب فارسی با فرمت کیندل پیدا نمیشه باید پی دی اف خوند,2
حرف نداره‌ای هر نظر  .,1
 خیلی با کتاب خوندن توی گوشی فرق داره البته برای کسایی که به زبان غیر فارسی کتاب میخونن ، فارسی هم پی دی اف میخونه  .,1
 در کل صفحه‌ش مثل کتاب می‌مونه و واقعا هم زیباست  .,1
یک کتابخوان عالی که اگر قیمت ریالی آن مناسب‌بود می‌شد به همه پیشنهاد کرد  .,2
 نسل 10 رنگبندی‌های خوبی دارد که من رنگ sage را خریدم  .,1
 در ضمن هزینه اضافه بابت نسخه بدون تبلیغات ندین چون هیچ مزاحمتی ایجاد نمی‌کنه  .,1
 هر از گاهی یه کتاب تو لاک اسکرین نشون میده که جالب هم هست و ممکنه کتاب جدید هم پیدا کنین  .,1
دوستان من دو سه هفته هست که خریدم و و از وقتی زدم شارژ و هر روز حدود نیم ساعت کار میکنم باهاش تقریبا چهل درصد کم کرده و الان شصت درصد شارژ داره و واقعا وقتی نوشته یک ماه نگه میداره مطمئن باشید حتی با اینکه زیاد استفاده کنید بعد کلا وسیله خوبیه ولی نکته منفیش اینه که فونت فارسی رو فقط در صورتی میاره که pdf باشه و به خاطر همین یکم کوچیکه و کاملا متن فارسی واضح نیست ولی راه‌هایی هست میتونی درستش کنید مثلا یه سری برنامه هست کناره‌های pdf رو برش میده و اون قسمت اضافه رو پاک میکنه و میتونید تا حدی بزرگ تر ببینید و بهتر بشه ولی در کل اگر فقط برای فارسیه خیلی اذیت میکنه ولی اگر فارسی کم بخونید خوبه واقعا,1
من دو هفته اس از دیجیکالا گرفتم  .,1
 کیفیتش عالیه  .,1
 دیکشنری انگلیسی به فارسی هم روش ریختم  .,1
 حرف نداره  .,1
 مال من نسخه بدون تبلیغش‌بود  .,1
 من کاملا راضی‌ام  .,1
هم کتاب‌های فارسی و هم انگلیسی رو خیلی خوب باز می‌کنه شارژش خیلی دیر تموم میشه  .,1
 سرچ ویکی پدیا هم داره که عالی هست,1
در مشخصات ذکر‌نشده‌که نسخه‌ی بدون تبلیغات هست یا نه ، ولی کیندلی که برای من ارسال شد نسخه‌ی همراه تبلیغات‌بود  .,2
 همچنین ، وزن ذکرشده در مشخصات اشتباه هست  .,2
 این کیندل نسخه‌ی WiFi هست با وزن 182 گرم  .,2
 وزن ذکرشده ( 191 گرم ) مربوط به نسخه‌ی WiFi + Cellular هست  .,2
تو جمعه ی سیاه یک سایت دیگه این محصول یک میلیون و دویست تخفیف خورده‌بود و من 3 میلیون و 900 با گارانتی تهیه کردم  .,0
 بدستم رسید و کاملا پلمپ شده‌بود  .,1
 نسخه‌ای که خریدم هم بدون تبلیغات هستش  .,1
 من حدود 400 تا ایبوک با فرمت epub دارم ولی خب مجبورم اونایی که تصمیم به خوندنشون دارم رو با کالیبر به mobi تبدیل کنم که عکس جلد کتاب از تو فایلش جدا میشه ، نمیدونم چرا  .,1
 خود کتابخوان کوچیکه ، من توش پی دی اف ریختم مشکلی ندارم ولی برای پی دی اف‌های دو ستونه خوب نیست  .,2
 صفحه قابلیت چرخش رو داره و میتونین بصورت افقی کتابتون رو بخونین  .,1
خیلی خوب بود,1
فروشگاه ملیا ، نسخه ی همراه با تبلیغات رو به من فروخت و اصلا از این اتفاق راضی نیستم  .,2
 با آمازون هم مکاتبه کردم و گفتن اگر بخوان تبلیغات رو بردارن باید 20 دلار پرداخت کنم  .,2
 شاید برای بعضی‌ها تبلیغات آزاردهنده نباشه ولی من با توجه به مبلغی که پرداخت کردم ، انتظار داشتم نسخه بدون تبلیغات رو دریافت کنم  .,2
 دستگاه خیلی دیر به دست من رسید و نمیدونم فروشگاه دیر تامین کرد ، یا دیجی کالا دیر به پست تحویل داد  .,2
 این کیندل برای کتاب‌های انگلیسی بسیار مناسبه ، اما اگر بجای سرچ ویکی پدیا ، سرچ گوگل داشت و حداقل امکان افزودن زبان فارسی به ترنسلیت رو داشت بهتر‌بود  .,2
 دیکشنری فارسی روش نیست اما میشه با سختی یک دیکشنری فارسی از اینترنت پیدا کرد و به کیندل انتقال داد  .,1
 دستگاه به راحتی در یک دست جا میگیره و فناوری نمایشگر بخوبی از خسته شدن چشم در اثر مطالعه طولانی مدت جلوگیری میکنه  .,1
متاسفانه تنها نقطه ضعف این دستگاه این است که ناشران ایرانی به دلیل تحریم‌ها سهمی از بازار آمازون ندارند و فعالین کتاب آنلاین مثل فیدیبو هم فکری برای این موضوع نکرده‌اند البته با این دستگاه امکان خواندن کتابهای فارسی با فرمت pdf وجود دارد ولی موضوع صحبت من رعایت حق ناشران ایرانی است,2
باید تو قسمت مشخصات محصول ، فروشنده یا دیجی کالا ذکر می‌کرد نسخه Kindle With Special Offers هست که حاوی تبلیغاته  .,2
از لحاظ کیفیت ساخت محصولات امریکایی عالی‌اند  ..,1
 اما از لحاظ نرم‌افزار همیشه اذیت‌کننده است اگر چه دیگه همشون تو چین مونتاژ میشن  ..,2
 یه فایل پی دی اف بخوای بخونی کلی باید دردسر بکشی epub هم که ساپورت نمیشه  .,2
 یه نمونه کتابخوان اندروید بگیریم اونقدرا کیفیت ساختش تفاوتی نداره کارکردن باهاشون هم راحته,2
من عاشق این محصول شدم  .,1
 ای‌پاب‌ ساپورت‌ نمیکنه اما پی‌دی‌اف و موبی‌ اوکیه  .,2
 خیلی سبک و خوش دست و سریع‌تر از تصور منه  .,1
 از دیشب همش دارم بدون‌ خستگی چشم کتاب میخونم  .,1
 تا قبلش با آیپد‌ میخوندم که چشم رو داغون میکرد  .,2
امکانات جالبی داره  .,1
 مثل دیکشنری که با تاچ و نگه داشتن نمایش داده میشه و در سوابق باقی می‌ماند و برای مرور و بهبود زبان فلش کارت درست میکنه  .,1
 به goodreads هم وصل میشه  .,1
 کتاب هاشم تو ایران میشه رایگان دانلود کرد و معمولا نیاز به هزینه ندارید  .,1
وسیله‌ای عالی برای کسانی که عاشق مطالعه‌اند  .,1
 تنها مشکل شاید عدم رجیستر و اتصال سخت به ایمیل است وبرای ارسال فایل باید حتما به سیستم وصل شود,2
واقعا متوجه نمیشم چرا یه سری افراد که نحوه کارکردن با این دیوایس رو هنوز یاد نگرفتن میان شما رو در خرید به اشتباه می‌اندازن و نظرات خلاف واقع میگن ، بنده دو هفتس این کتابخوان رو دارم و به هیچ وجه مشکلی در باز کردن فایل‌های فارسی ندارم ، حتی برنامه‌هایی مثل calibre هست که شما میتونین فایل‌های فارسیتون رو به فرمت مخصوص کیندل تبدیل کنید ، خواهش میکنم گزارش‌های خلاف واقع که ناشی از عدم آگاهی از استفاده ازین محصول هست منتشر نکنین ، ممنون,1
این وسیله شاید روزی جزئ وسایل اجباری هر شخصی شود زیرا بدون نیاز به هزینه کتاب می‌توانی به راحتی به روز ترین کتابها را باهاش مطالعه کنی و ازش لذت ببرید  .,1
 مترجم دارد ، سبک است ، ضد آب است ، حجم بالایی تا حدود 1000 کتاب داره و چشم را اذیت نمی‌کنه  .,1
 و به نظر من نسبت به قیمتش خیلی بیشتر ارزش داره,1
برای فرمت‌های کتاب الکترونیکی عالیه,1
من نسخه ی معمولی اش رو گرفتم  .,1
 آثار کلاسیک رو با سرچ تو اینترنت می‌تونید به راحتی دانلود کنید  .,1
 برای من بیشتر برای کتاب‌های مرجع و رمان‌ها مفید‌بود  .,1
 برای داشتن کتاب‌های مرجع عالیه  .,1
 آدم باور نمی‌کنه که بتونه فرهنگ معین رو تو این با خودش همه جا ببره  .,1
 الان که قیمتش سر به فلک کشیده بهتره همون کتاب کاغذی رو جاش بخرید ( به صرفه تره  !,2
),0
عالی بود,1
PDF خوندن باهاش سخته به نظرم زیاد بدرد وبگردی هم نمی‌خوره چون سرعتش پایینه کتاب هاییی هم که شکل یا جدول زیاد دارن رو باز می‌کنه ولی اگر فونتش‌ریز باشه بدرد نمی‌خوره به نظرم واسه کتابایی که شکل ندارن یا شکلاشون مهم نیست خوبه مثل رمان هاالبته کتاب فارسی باهاش امتحان نکردم,2
یه دوربین بزارن پشتش عالی میشه,2
بنده به خاطر یه اشتباه در انتخاب این محصول به جای کاغذ دیجیتال و این که نتونستم این محصول را عودت بدم ، مونده بلااستفاده  .,2
سلام  .,0
 من این کتاب خوان ( البته نسل هفتم ) را 3 سال پیش توی شگفت‌انگیز دیجیکالا خریدن  .,0
 اون موقع حدود 700 تومن‌بود  .,0
 الان واقعا گرونه  .,2
 متاسفانه باید فایل pdf را کراپ کنید تا متون فارسی رو بتونید بخونید  .,2
 سیستم عاملش اصلا جالب نیست  .,2
 آپدیت نمیشه  .,2
 شاید بخاطر تحریم هاست  .,0
 شرکت فروشنده ( کمان رایانه ) گارانتیش نکرد  .,2
 ولی از لحاظ کیفیت ساخت و همینطور قاب اورجینال بی‌رقیبه  .,1
 واقعا فوق العادس  .,1
 باطری که دیگه معرکه  .,1
 به یه بار شارژ بدون استفاده از وای فای و نور پس زمینه تا دو هفته جواب میده  .,1
در این مدت که استفاده کردم مشکلی نداشتم  .,1
 برای متون فارسی هم فایلهای epub به AZW3 تبدیل کردم و فایلهای pdf بهینه کردم  .,1
قیمت خیلی خافتضاح,2
راستش من به شدت مشتاق‌بودم این محصول رو برای مطالعه کتاب‌های زبان اصلی بخرم برای همین نزدیک به یک ماه به دیجی سر میزدم و قیمتشو چک میکردم و شاهد افزایش متناوب و بی‌دلیلش‌بودم تا جایی که اعتماد خریدمو از دست دادم  !,2
چون در حال یادگیری زبان هستم این کتابخوان رو تهیه کردم و واقعا محصول بااصالت و باکیفیتی هست اونایی که میگن بده باید هرچیزی رو تو حوزه خودش مقایسه کرد  ..,1
 اگه شما با تبلت‌های گرونم مقایسش کنید قطعا تبلت نمیتونه جای اینو بگیره و این هم نمیتونه جای تبلت رو بگیره واقعا سبک و خوش دست هست و من کتابهای فارسی هم ریختم تا الان که مشکلی نداشتم ولی اگه انتظارات دیگه ازش دارین اصلا اصلا سراغش نرین برای اهل مطالعه و کسایی که دوس دارن کتابهای روز انگلیسی رو بخونن عالی هست و اونایی که میگن قیمتش بالاست بعنوان یه محصول امریکایی از خیلی از تبلت‌های معمولی کره‌ای و چینی ارزون تر هست,1
قیمت این کتابخوان در سایت آمازون 130 دلار  .,1
 قیمت اینجا مساوی پول یه لپتاپ  !,2
تنها انتظارم ازش که خواندن کتاب‌بود رو‌ برآورده نکرد,2
برای کتابخوان‌ها خوب هست ، اما فقط انگلیسی,2
پیشنهاد می‌کنم عالیه رزولوشن بیشتر ، کنتراست بهتر تصاویر و ضد آب بودن  .,1
در مورد متن فارسی باید بگم که نرم‌افزار‌های تبدیل PDF به سهولت میتونن متن کتب را بهینه‌سازی کنن و هیچ مشکلی برای نمایش زبان فارسی وجود نداره تنها ایرادی که میتونه توی ایران داشته باشه اینه که اپ‌های فیدیبو و طاقچه روی کیندل نصب نمیشه  .,2
قیمت کیندل در درگاه امازون 130 دلار در خرداد 99 می‌باشد و قیمت سه ملیون و هفتصد با دلار بیست تومانی حتی واقعا قابل فهم نیستانهم کتاب یک کالای فرهنگی است نه مثل تبلت‌ها یک ابزار سرگرمی و تفریح  .,2
 واقعا دلیل واردات کیندل را هم نمیفهمم چون کیندل‌ها هیچ ارتباطی با زبان فارسی به هیچ شکلی ندارند و کتاب فارسی در درگاه امازون هم وجود ندارد  .,2
 اندازه بسیار کوچک کیندل واقعا ازار‌دهنده است میدانم باید قابل حمل باشد ولی نه این اندازه مناسب نیست و کافی‌بود اندازه یک سر رسید باشد هم قابل حمل‌بود و هم قابل استفاده راحت  .,2
 کیندل جز برای زبانهایی که پشتیبانی می‌کند مناسب نیست و واقعا ارتباطی با زبان کشور ما ندارد و شایسته و مورد نیاز است تا وارد‌کنندگان و دلالان زرنگ هم وطن مدلهای کتابخوان اندرویدی را وارد کنند که البته شرکتهای مختلفی تولید کرده‌اند  .,2
 کیندل در ایران واقعا گران و بدون کاربرد مناسب است و شرکت امازون بطور کامل ما را تحریم کرده و نصب فیلتر شکن روی کیندل ممکن نیست پس واقعا جز در موارد واقعا اضطراری خرید کیندل برای مقاصد دانشگاهی و خرید کتب خاص انگلیسی هیچ دلیل دیگری ندارد و بهتر است افراد اهل مطالعه دور کیندل را خط قرمز بکشند و در جستجوی مدل‌های کتابخوان اندرویدی باشند تا هم بتوانند انواع کتابهای ایپاب را بخوانند هم طاقچه و کتابراه و فیدیبو نصب کرده و لذت ببرند,2
عالیه  .,1
 اگه ادمی هستید که کتاب الکترونیک زیاد میخونید خب کیندل یه ضرورت برای محافظت از چشم هاتون  .,1
 من اول این کالا رو از ملیز خریداری کردم ، ولی مرجوع کردم چون خیلی زود باتری تموم میکرد و صفحه نمایش پرش داشت  .,2
 مجددا از شمس خریداری کردم ، همه چیش عالی‌بود  .,1
 مثل مشخصات  .,1
اگر کتاب انگلیسی می‌خوانید حتما این محصول را تهیه کنید و لذت خواندن بدون خستگی چشم را تجربه کنید  .,1
عالیه ولی با این قیمت به هیچ عنوان نمی‌ارزه,2
خیلی گرون‌شده‌ارزش خرید نداره,2
اگر قصد خرید کیندل دارید حتما یک بار هم‌شده‌از کیندل دوستانتون استفاده کنید یا ویدیو‌هاشو ببینید تا بدونید با چه محصولی مواجهید  .,1
 اگر اهل مطالعه‌ی زیاد هستید تکنولوژی E - Ink فرشته‌ی نجات چشمان شما دربرابر صفحات مانیتور و موبایل هست  .,1
 یک کاغذی که تعاملی ( interactive ) است  .,1
 با یک بار شارژ تا یک ماه میتونید از کیندل استفاده کنید و میتونید کتاب‌های مورد نظرتون رو با نرم‌افزار calibre از epub به راحتی به mobi که فرمت محلی کیندله تبدیل کنید  .,1
 ( البته از pdf هم پشتیبانی میکنه ) درکل کیندل مناسب کساییه که درهمه حالت میخوان کتاب بخونند و حجم زیاد کتاباشون واسشون مشکل زا‌شده‌ .,1
چند ماه پیش این کتابخوان رو از دیجیکالا خریدم و باید بگم عالیه  .,1
 برای من که بالای نود درصد کتاب‌های که میخونم به زبان انگلیسیه یه تجربه ی فوق العادست‌  .,1
 خصوصا که عادت داشتم همیشه قبل خواب کتاب بخونم و خب با لامپ روشن خواب آدم ممکنه به تاخیر بیفته که نور بسیار مناسب و عالی این کتابخوان این مشکل خوندن در تاریکی رو رفع می‌کنه  .,1
 باعث صرفه‌جویی در هزینه و تمایل خیلی بیشتر به کتابخوانی میشه  .,1
 البته تجربه ی خوندن کتاب فیزیکی همیشه تجربه ی شیرین تریه اما با توجه به قیمت بالای کتاب‌های انگلیسی و در دسترس نبودن خیلی هاشون کتابخوان بهترین گزینست  .,1
 انتظارات من رو کاملا برآورده کرده  .,1
 تنها معایبی که میشه درش پیدا کرد مشکل کتاب‌های فارسیه که خب من چون فقط به زبان انگلیسی میخونم برام مشکلی نیست و دومیش اینکه فقط فرمت‌های ایپاب و موبی رو به نحو احسن اجرا می‌کنه  .,2
 پی دی اف هم خونده میشه ولی برای زوم کردن و به سری تنظیمات دیگه اونقدر دست آدم باز نیست  .,2
 البته من اکثر کتاب‌ها رو به صورت ایپاب سفارش میدم و این مورد اذیتم نمیکنه  .,1
 نکته ی دیگه اینکه شاید در اولین استفاده کمی مدل تغییر صفحات به نظرتون عجیب بیاد که خب این طبیعیه نباید کتابخوان رو با تبلت مقایسه کرد ، بعد یه مدت بهش عادت میکنید  .,1
 در کل از این خرید کاملا راضی هستم البته تجربه ی کار با کتابخوان دیگه‌ای رو ندارم و نمیتونم مقایسه‌ای انجام بدم  .,1
برای ebook خوب ولی pdf خیر,2
تنها خواستم بگم اگر می‌خواهید از طاقچه یا  ...,2
 استفاده کنید ، از نسخه اینترنتی استفاده کنید  .,0
 ایران تحریم هست و کتب ایرانی به آمازون خیلی سخت راه پیدا می‌کنند  .,2
در کل خوب است و به دیگران اگر کتاب‌های انگلیسی دوست دارند پیشنهاد می‌کنم  .,1
دیوایس خوبیه اما به نظرم فقط حیف که فارسی و رو خوب ساپ نمیکنه کاش حداقل دوستانی که تو فروش کتاب الکترونیک دست دارن یه مقدار جهانی تر کار کنن و کتب فارسی و تو آمازون هم بفروشن فک کنم برای خودشونم سود داره این کار و باعث میشه آمازون یه مقدار رو فارسی هم وقت بذاره,2
کسی که کیندل میخره احتمالا میدونه با چه محصولی طرفه  .,1
 بهرحال اندازه اش رو در نظر بگیرید که فقط کمی از موبایل بزرگتره ( میتونه نقطه قوت یا ضعف باشه بسته به توقع ),1
به نظر من کیفیت خوبه اما قیمت بالاست  !,2
اگر با متن‌های غیر از فارسی سر و کار دارید و شیفته مطالعه هستین ، با این کتابخوان میشه همه جا مطالعه کرد و بسیار مفیده  .,1
 منتها باید یک دانش ابتدایی از کامپیوتر داشته باشین که بتونید کتاب‌ها رو به فرمت مخصوص کیندل تبدیل کنید که از بهترین امکانات دستگاه مثل نوع فونت و هایلایت استفاده کنید  .,1
اگر کسی هستید که میخواید کتاب بخوانید این محصول براتون فایده داره توقع یه گوشی از این محصول نداشته باشید فقط میتونید باهاش کتاب بخونید و اینکه برای کتاب‌های امازون باید اکانت داشته باید که بتونید کتاب هارو بخونید یا اینکه پول بدید بخرید خیال نکنید اینو بخرید مفتی میتونید برید تو امازون بچرخید ولی بازم اگر فرد کتابخوانی باشید پکیج‌های خوبی ارائه میده که واقعا به صرفه هست تا خریدن خود کتاب موفق باشید,2
تو این که این کتابخوان عالیه که شکی نیست اما دو تا مورد هست یک اینکه تو سایتهای فارسی نمیتونی بری باهاش و دوم اینکه قیمت جهانیش رو حساب کنی خیلی ارزون تر از این قسمت میشه نمیدونم چرا تو ایران انقد گرونه,2
کیندل پیپر وایت نسل ده از نظر قطعات داخلی همون نسل هفتمه فقط حافظه ارتقا پیدا کرده این نکته خوبیه ، از نظر قطعات خارجی با مقاوم‌سازی همون متریال نسل هفتم تونسته قابلیت ضد نفوذ بودن در مقابل گرد و غبار و آب رو کسب کنه که اینم عالیه  .,1
 تو خریدش شک نکنید من پنج ساله نسل هفتم کیندل پیپروایت رو استفاده میکنم ، نور و نوع تکنولوژی صفحش ابدا چشم رو خسته نمیکنه و پایداری شارژ باتریش خیلی خیلی زیاده چون مصرف بسیار کمی داره ، نسل جدیدش حجم حافظه بسیار بالایی هم داره ، کوچیکه و راحت میشه گذاشتش توی کیف مث ی کتابچه باریک,1
کتابخوان کیندل محدودیت دسترسی به کتابهای خارجی را در ایران تا حد زیادی برطرف می‌کند و از این بابت عالی است  .,1
 نکته‌ای که باید قبل از خرید به آن توجه داشته باشید ، وجود نسخه تبلیغاتی و غیرتبلیغاتی این کتابخوان است  .,1
 در نسخه تبلیغاتی از تبلیغات خود آمازون به عنوان محافظ صفحه نمایش استفاده می‌شود و در پائین صفحه اول نیز نوار باریک تبلیغات دیده می‌شود  .,2
 البته این تبلیغات هنگام خواندن کتاب وجود ندارند  .,1
 همچنین وجود پیکسل‌های نورانی در این کتابخوان‌ها مشکلی رایج است که با جستجو در اینترنت متوجه آن خواهید شد  .,2
اگر اهل کتاب خوندن هستید این نسل خیلی عالیه هم کیفیتش خوبه هم کار کردن باهاش راحته باطری هم دیر خالی میکنه فارسی هم ساپورت میکنه پی دی اف‌های فارسی رو هم همه ساپورت میکنه ولی اگه فونتش کوچیک باشه یه کم کوچیک نشون میده ولی نه اون طوری که نشه خوند میشه خوند و راحت هم هست  ...,1
 چشم رو که اصلا اذیت نمیکنه  ...,1
 یه خوبی که این نسل داره نور پس زمینه هستش که تو هر محیطی میتونی نورش رو تنظیم کنی و تو تاریکی هم مطالعه کنی و این قابلیت رو نسل هفت نداشت  ...,1
 خلاصه اگه اهل مطالعه هستید بخرید حتما هم بخرید تاکید میکنم اهل مطالعه وگرنه پشیمون میشید,1
با فارسی مشکل نداره یه بنده خدایی هم یه پچ فارسی براش نوشته که مشکلات جزیی با فارسی اگرم باشه برطرف میشه که نداشته تا حالا  ...,1
 فقط اگه زبان اصلی کتاب میخونید عالیه ، من خودم فقط زبان اصلی میخونم و رضایت 100 درصد دارم  ..,1
 میشه تقریبا تمام کتاب سایت امازون با فرمت امازون تو اینترنت رایگان ( به لطف نبود قانون کپی رایت ) پیدا کرد و روش نصب کرد ولی خب کتابا فارسی اغلب با فرمت امازون کانورد‌نشده‌یا به صورت فایل وورد و  ...,1
 نیست و pdf هم فقط در صورتی خوب جواب میده که زیاد فونتش کوچیک نباشه چون اگه ادم بخواد هی زوم کنه رو صفحه جابجا بشه رو اعصابه نداشتن هدف و  ...,1
 مزیت نه عیب چون با فلسفه کتاب خوندن مغایرت داره,1
برای کسی که زیاد کتاب می‌خونه و از حمل کتاب‌های سنگین خسته‌شده‌، کتابخوان الکترونیک چیزیه که یه روزی بالاخره به خریدش فکر می‌کنه  .,1
 اما نداشتن حس و حال خوب کتاب کاغذی تنها مشکل با این محصول نیست  .,2
 متاسفانه خیلی کندتر از چیزیه که با پیشرفت حال حاضر تکنولوژی انتظار می‌ره و کتاب‌های پیچیده که‌داری چند ستون و گراف و تصویر و  ...,2
 هستن رو اصلا خوب پردازش نمی‌کنه  .,2
 من این کتاب‌هام رو هنوز با لپ‌تاپ می‌خونم  .,2
 این موارد تا مدت‌ها من رو از خریدم سرخورده کرده‌بود اما در مجموع سبکی‌ش و راحتی استفاده باهاش در مورد رمان‌ها و مقالات تک ستونی ، باعث می‌شه از داشتنش راضی‌ باشم  .,2
برای کسی مثل من که خیلی کتاب میخونم این نسل جدید عالیه واقعا راحت کرده کارمو هم کوچیک و جم و جوره هم نسبت به کاراییش قیمتش خوبه چون مدلای دیگه قیمتاشون خیلی بالاتره و تقریبا همین کاراییارو دارن LCD خیلی خوبه چشم خسته نمیشه چند تا فرمت مختلف و میخونه مهمترین چیزی که تو نسل جدید این کتاب خوانا هست اینه که میشه باهاشون کتاب صوتیم گوش داد,1
