text,polarity
سلام این کتابخوان توسط یک برند چینی طراحی و ساخت و برای فیدیبو ایرانیزه‌شده‌ .,1
 زیاد قوی نیست اما کار خاصی هم قرار نیست انجام بده  .,2
 برای مطالعه بدون دقدقه ضعیف شدن چشم بسیار خوب و مناسبه  .,1
 عمر باطری تا چندین روز بسته به میزان استفاده ، زیاد شما رو درگیر شارژ نمی‌کنه‌  .,1
 هیچ لوازم جانبی در ایران نداره ولی قطعات اون در مرکز خدمات گارانتی دیجی کالا موجوده و صفحه نمایش با قیمت 600هزار تومان تعویض شد  .,1
چیزی که تو ذوق من زد اندازه خیلی کوچکتر از تصورش‌بود برام ، حتما سایز رو چک کنید قبلش ، و اینکه کنده و مرتب پیام عدم پشتیبانی میده  .,2
 مجبوری هی ببندی دوباره روشن کنی من میگم شما که پولشو میگیرید ، یکم کیفیتشو ببرید بالا  .,2
 من استفاده میکنم ازش ، ولی درواقع چون مجبوریم و محصول بهتری تو ایران برای فارسی نمیشه گیر آورد  ....,2
شش ماهه هر روز ازش استفاده می‌کنم و راضی هستم ، مشکل کندی که بعضی‌ها اشاره می‌کنن در حد آزار‌دهنده نیست ، عینکی هستم و کتاب کاغذی بعد از نیم ساعت اذیتم می‌کرد اما با فیدیبوک تا پنج ساعت هم در یک روز مطالعه کردم بدون خستگی چشم  !,1
 مصرف باطریش هم معقوله و مشکل خاصی ایجاد نمی‌کنه ، دیکشنریش برای خوندن کتاب‌های انگلیسی واقعا کمک بزرگیه و اگه دنبال تقویت زبان انگلیسی هستین به دردتون می‌خوره ، فقط کاش دیکشنریش قابلیت تلفظ کلمات رو می‌داشت  .,1
 با در نظر گرفتن قیمت واقعا گزینه خوبیه  .,1
 این رو هم بگم ، دو روز قبل از عید سفارش دادم و قرار‌بود تا پونزدهم فروردین برام بفرستن که در کمال تعجب همون صبح روز عید به دستم رسید که خیلی بهم حال داد ، ممنون از دیجی‌کالا  !,1
حرف نداره علی‌الخصوص برای مسافرت و مطالعه بیرون,1
خیلی راضی هستم از خریدش دوتا هم خریدم ازش  .,1
 اگر علاقه به خواندن کتاب به صورت چاپی دارید پیشنهاد میکنم کتابخوان هم امتحان کنید خیلی تجربه نزدیکی داره  .,1
 من دانشجوعم و کتاب‌هایی که داشتم را میخواستم چاپ کنم ولی جاش این کتابخوان را خریدم و واقعا راضیم  .,1
عالیه ، از خریدم خییییلی راضیم,1
این اولین دستگاه کتابخوانی هست که خریدم و تجربه استفاده از کیندل و یا کتابخوان‌های دیگه رو ندارم  .,1
 کیفیت بدنه ی دستگاه در نگاه اول کمی تو ذوق میزنه و ضعف مونتاژ قطعات رو با کمی دقت میشه دید ولی بازم در حدی نیست که توی ذوق بزنه و اذیت‌کننده باشه  .,2
 دستگاه سبک و خوش دستی هست و باعث میشه به راحتی با یک دست بشه نگهش داشت و حتی در حالت خوابیده مطالعه کرد  .,1
 کتابهای فارسی رو فقط میشه از خود فیدیبو دریافت کرد و امکان نصب مابقی کتابخانه‌ها مثل طاقچه رو نداره  .,2
 براحتی میشه کتابهای انگلیسی رو بهش منتقل کرد ( با فرمت Epub ) و قابلیت نمایش کتابهای انگلیسی رو داره  .,1
 کمی کند هست که نباید از کتابخوان بخاطر ذات کاربردش انتظار سرعت تبلت رو داشت  .,2
 صفحه نمایش کاملا شبیه کاغذ هست و با داشتن تنظیم نور پس زمینه میشه شبها و توی تاریکی کامل هم ازش استفاده کرد  .,1
 کم و بیش هنگ میکنه مخصوصا برای باز کردن کتابهای حجیم که خب تا حالا خیلی اذیت‌کننده نبوده و امیدوارم با آپدیت‌های نرم‌افزاری این مشکل برطرف بشه  .,2
 در کل با توجه به قیمت و کارایش دستگاه خیلی خوب و کاربردی هست و نیاز من به کتابخوان رو کاملا برطرف کرده  .,1
خوبه برای کتاب خوانها ، ولی کتاب نمیشه,1
فیدیبوک که خیلی عالیه با این کتابخوان کاملتر هم شده,1
واقعا حس بسیارخوبی از کتابخوانی بدست می‌دهد  .,1
 تفاوت چندانی با انواع خارجی ندارد  .,1
 انتظارات من از یک کتابخوان را به خوبی برآورده کرد  .,1
 امیدوارم بزودی دوباره موجود شود ؛ چند فیدیبوک دیگر برای خانواده خواهم خرید  .,1
دستگاه به نسبت خوبی هست و از خریدش پشمیان نمیشید اگر اهل مطالعه هستید  .,1
خب چند تا نکته بعد از دو هفته استفاده مداوم  .,1
 صفرم  .,0
 من اکانت فیدی پلاس دارم اما کتاب‌های فیدی پلاس تو کتابخوان قابل استفاده نیست و باید بخرم اونا رو  .,2
 چون دیجی پلاس بهم فیدی پلاس داده پس امیدوارم با هم این مشکل اساسی رو حل کنن  .,2
 اول  .,0
 اینکه من بقیه کتابخوان‌ها رو استفاده نکردم بدونم اونا چجورین و استاندارد چیه پس نظرم صرفا تجربه شخصی و فقط یه گواهی رو گواهی بقیه دوستانیه که نظر دادن  .,0
 دوم  .,0
 دستگاه جای پیشرفت داره  .,2
 آپدیت جدید برای فیدیبو اومده این روزها که دستگاه هم نوتیس آپدیت میده اما برنامه جدید رو‌ به روز‌رسانی نمیکنه که نمیدونم چجوری قراره درست بشه  .,2
 سوم  .,0
 پی دی اف رو راحت باز میکنه و یه دوست عزیزی هم آموزش باز شدنش رو گذاشته ، باید بگم اون تپ روی صفحه گاهی برای فایل‌های خود اپلیکیشن هم کاربرد داره ، یعنی وقتی طول میکشه باز بشن  .,1
 چهارم  .,0
 نورش موقع شب واقعا خوب نیست و چشم من رو اذیت میکنه  .,2
 به همین دلیل من از چراغ خواب بهره میبرم جای نور شب خود دستگاه  .,0
 پنجم  .,0
 من مشکلی با اثر انگشت و اینا ندارم اما اگر کسی مشکلی پیدا کنه سایتهایی هستن که برای این دستگاه تولیداتی دارن که برطرف میکنه  .,1
بعد از حدود سه هفته استفاده نظرم رو میگم اول اینکه کادو‌بود و من رو بینهایت خوشحال کرد  .,1
 برا کسایی که کتابخون هستن و با تکنولوژی میانه خوبی دارند هدیه بهتر از این پیدا نمیکنید  .,1
 اولا که تجربه کپی کردن فایل‌های EPUB و PDF خیلی توش راحته  .,1
 خرید کتاب تو فیدیبو هم با تخفیف‌های شبانه روزی که میذاره خیلی میتونه به صرفه باشه  .,1
 ازین لحاظ‌ها شاید نسبت به کتابخون‌های خارجی که ما دسترسی راحتی به استورشون نداریم مزیت خوبی داشته باشه  .,1
 نور پس زمینه صفحه خوبه و شب‌ها به کار میاد  .,1
 وزن دستگاه زیاد نیست و اندازه ش هم برا مطالعه به نظر من مناسبه  .,1
 قابلیت‌های معمولی مثل هایلایت کردن و کوچیک بزرگ کردن فونت و غیره رو به راحتی رو فرمت EPUB دارید  .,1
 یه دیکشنری فوق العاده روی دستگاه نصبه که واقعا تجربه خوندن کتاب‌های انگلیسی رو خیلی دلچسب میکنه  .,1
 کیفیت ساخت کمی پایینه  .,2
 دکمه سمت راست دستگاه من یه کوچولو لق میزنه  .,2
 مشکل عملکردی ازش ندیدم تا حالا ولی خب یکی از نکات ضعفش به نظرم بدنه دستگاهه  .,2
 اولین تجربه من از دستگاه کتابخوان الکترونیکی‌بود که تجربه مثبتی‌بود در کل  .,1
اگر کتابخون هستین و مشکل جابجایی کتاب ، هزینه‌ی زیاد کتاب و  ...,1
 دارین این گجت خیلی به کارتون میاد اما نباید از پردازش و پردازنده‌ش توقع زیادی داشت,1
این دستگاه به نسبت قیمتش فوق العاده‌ست و حتما توصیه می‌کنم که اگر کتابخون هستید ، حداقل یکی ازش رو تو خونه داشته باشید  .,1
 با وجود همچین دستگاهی ، رسمی شما یک کتابخونه عظیم رو با وزنی کمتر از 200 گرم در دستهاتون خواهید داشت  .,1
 علاوه بر کتابهای فارسی فیدیبو ، شما می‌تونید تقریبا همه کتابهای زبان‌های دیگه رو از طریق libgen دانلود کنید و با این دستگاه بخونید و حالش رو ببرید  .,1
 درست مثل برگه کاغذ هست  .,1
بسیار ازش لذت بردم,1
من کالا رو سفارش دادم و به دستم رسید دیدم یکی از دکمه‌ها خراب هستش  .,2
 مجبور شدم مرجوع کنم  .,2
 تا مرجوع کردم ناموجود شد و متاسفانه الان دیجی کالا اصلا پاسخگوی من نیست  .,2
 میگم دستگاه خودم رو بفرستید میگن نه  !,2
 واقعا پشتیبانی به شدت ضعیفه  .,2
 فقط میخوان سریع رد کنن تماسارو درست به حرفتون گوش نمیدن,2
دستگاه خیلی خوبی هست ، کیفیت ساخت بالایی داره ، موقع باز کردن صفحات یکم کند هست ولی خیلی اذیت نمیکنه  .,1
 تنها مشکل این هست که فعلا نمیشه از اکانت فیدی پلاس روش استفاده کرد,2
کتاب‌های الکترونیکی و PDF را که از غیر فیدیبو دانلود کرده‌ام را به خوبی باز نمیکنه و امکان‌های لایت و کپی پیست و استفاده از دیکشنری را ندارد در صورتی که با تبلت براحتی این کارها صورت می‌گیرد  .,2
 صفحه آن از آنچه تصور می‌کردم کوچکتر است و بسادگی نمیتوان حاشیه‌های کتاب‌های الکترونیکی و PDF را کاهش داد بنابراین متنها را نمیتوان بزرگ کرد و تعویض صفحات به درستی انجام نمی‌شود در کل برای من که کتابهای الکترونیکی علمی می‌خوانم اصلا کاربردی نیست  .,2
 برای همین مرجوع کردم و و روزه پولم برگشت ممنون از دیجیکالا  .,2
خیلی از کتاب‌ها رو که گیر نمیان یا قیمت بالای دارند رو خیلی راحت میشه تهیه کرد ولی بیشتر کتاب‌های فیدیبوک رو میشه مطالعه کرد من هنوز کتابی رو دانلود نکردم که بخوام بریزم توی کتابخوان ولی نکته خیلی مهم این‌بود که چشم خودم و پسرم موقع استفاده اذیت میشد ولی همسرم که عینکی هستند اذیت نمیشدند,1
انتظار کتابخوان داشته باشی بر آورد میشه,1
تشکر از دیجی کالا,1
درین رنج قیمت فوق العاده هستش و مخصوصا برای افراد کتابخوان به شدت توصیه میکنم  .,1
 با این قیمت‌های کتاب هم بیشتر توجیه‌پذیر هست خریدش  .,1
 درکل عالیه,1
من حدود 50 روزه خریدم و راضیم  .,1
 تنها مشکل اینه که بعضی کتاب‌ها رو فیدیبو نداره و تو طاقچه هست  .,2
 ولی دیگه طاقچه روی این دستگاه نصب نمی‌شه,2
در مجموع ازش ناامید نمیشید  ...,1
باورکردنی نیست که علاوه بر پشتیبانی نکردن از کتاب‌های صوتی ، نمی‌تونیم فیدی‌پلاس هم روش داشته باشیم,2
محصول عالی جهت خواندن کتاب بدون مزاحمت برای چشم خواننده ، متاسفانه قیمت دستگاه خیلی بالا در نظر گرفته‌شده‌که مطمئنا کلی کتاب دوست رو نا امید می‌کنه,1
بنظرم کتاب خوان عاشقش میشن بهترین کادویی که تاحالا گرفتم,1
پردازشش عالی‌بود کامنت‌های منفی دربارش زیاد خوندم توجه نکنید توقع یک کتاب رو داشته باشید نه توقع موبایل و تبلت قطعا اونها سرعت بیشتری دارند ولی خب کتابخوان باید توش فایل‌های پی ادف و کتاب خوند نه اینکه 100 تا نرم‌افزار نصب کرد هر وسیله‌ای برای یکاریه,1
در کل بسیار خوب و بیش از حد انتظار من بود,1
خیلی خوب و سبک,1
توصیه می‌کنم,1
خیلی بده که آداپتور همراهش نیست  .,2
 توی دفترچه ی راهنماش نوشته 1a = 5V که آداپترهای موبایلی که من دارم بهش نمیخوره واقعا با این قیمت داشتن یه آداپتور مناسب لازم بود,2
دستگاه ایرادات فروانی دارد که آن را باید باقیمت کم برای مصرف دبستانیها پیشنهاد داد  .,2
یه ماهه دارم استفاده میکنم و واقعا راضیم  .,1
 قابلیت ریختن epub خیلی‌خوبه  .,1
 دوستانی که میگن epub رو‌دیر باز میکنه ، راه حلم‌رو در ویدئو گفتم خیلی خوب باز میکنه و همچنین قابلیت چراغ frontline کمک‌میکنه اگر نور محیط زیاد نبود ، بتونین روشن کنین که کاملا مناسب محیط میشه  .,1
 در‌نور‌زیاد لازم نیست ویدئو‌های مقایسه با کیندل هم در اینترنت هست ببینین,1
به اینترنت وایفا وصل نمیشود  .,2
 نمایش صفحه بی‌کیفیت است کار کردن ساده نیست,2
من فکر نمیکردم آنقدر استفاده‌ راحت و راضی‌کننده باشه ، .,1
 سرعت کارش هم بیش از انتظار من خوب‌بود باطریش کمتر از انتظاره ، ولی یه همراه خوب در این دوران کرونا‌شده‌برا من ، در این مدت حتی توصیه کردم برا خرید به دوستانم بهتر از این اونیکس هست که خوب از 14 میلیون شروع میشه,1
بسیار عالی ممنون دیجی کالا,1
بعد از چند هفته استفاده ممتد از این کتابخون به نظرم وسیله ارزشمندی میتونه باشه که برای افرادی با مطالعه زیاد صرف این هزینه قابل توجیه هست  .,1
 فقط چند نکته بعضی از فایل‌های epub انگلیسی رو کلمات را به هم چسبیده نشون میداد که با تبدیل اون فایل به mobi مشکل حل شد  .,1
 ( با نرم‌افزار calibre ) برای خوندن pdf بهترین پیشنهاد استفاده از نرم‌افزار k2pdfopt هست که یک نرم‌افزار رایگان هست  .,1
 با استفاده از این نرم‌افزار یک صفحه تبدیل به صفحات بیشتر میشه و با رزولوشن فیدیبوک هماهنگ میشه  .,1
 همچنین به ندرت از کتاب خارج میشه و پیغام فیدیبوک متوقف‌شده‌است را می‌دهد البته من در این سه هفته حدود 2 بار این پیغام را دیدم  .,2
استفاده ازش آسان هست وامکانات مناسبی داره  .,1
 طراحی کتابخوان زیبا و کاربردی هست  .,1
 باتشکر از دیجی کالا پیشنهاد میکنم برای دانشجویان و دانش آموزان متقاضی تخفیف مناسبی منظور بشود  .,0
من معتاد کتاب کاغذی‌بودم و نسبت به الکترونیکی شدن کتاب خیلی گارد داشتم اما طی این چند روز انقدر این کتابخوان جاشو تو دلم باز کرده که دوست دارم به هر خوره‌ی کتابی پیشنهادش بدم  .,1
 متون PDF ی که همیشه خوندنشون برام عذاب آور‌بود حالا برام جذاب شدن و ساعت مطالعه‌م بالاتر هم رفته  .,1
 پاسخ درست به وقت‌های اضافه‌ای که بیرون از خونه‌بودم و با خودم میگفتم کاش یک کتاب با خودم اورده‌بودم همین دیوایس سبک و جمع وجور‌بود با این تفاوت که جای یک کتاب میتونم یک کتابخونه همراهم داشته باشم  .,1
 خوندن کتاب انگلیسی هم واقعا لذتبخشه توش دیکشنری ادونس اکسفورد روش نصبه و با کلیک روی هر واژه هم به انگلیسی ترجمه میکنه و هم فارسی  .,1
 ضمن اینکه به راحتی میتونید PDF‌های انگلیسی رو با کمک سایت‌های تبدیل به فرمت epub تبدیل کنین که کاملا با ابعاد کتابخوانتون جفت وجور بشه  .,1
 اپلیکیشن فیدیبوک هم که خودش کلی کتاب و مجله داره و کتابهایی که با موبایل گرفته‌بودم و بخاطر اذیت شدن چشمم داشتن خاک میخورد حالا خیلی راحت فرصت خوندنشون رو دارم  .,1
 از مجلات خوب موجود رو فیدیبوک با قیمت‌های مناسب هم غافل نشید  .,1
 قابلیت بزرگ کردن فونت هم بنظرم برای کسایی که فونت‌ریز اذیت میشن و مطالعه براشون سختتره عالیه  .,1
 کند بودنش هم بخاطر همین قابلیت e ink هست که چشم رو اذیت نمیکنه  .,1
 من خودم تصور میکردم خیلی کند باشه ولی از تصورم خیلی بهتره  .,1
 یکجورایی بنظرم با حس نوستالژی و نفس قدیمی بودن کتاب هم هماهنگ تره و قشنگش کرده  .,1
 مزیت دیگه این کتابخوان نسبت به موبایل و تبلت اینه که هزار جور پیام نمیاد و حواس ادم به چک کردن اپ‌های دیگه پرت نمیشه  .,1
 توجه داشته باشید که روشن بودن وای فای باتریش رو زود خالی میکنه اگرنه باتریش فوقالعادست  .,2
 دکمه‌های فیزیکی روش هم خیلی پرکاربردن  .,1
 خلاصه که اگه کتاب زیاد میخونید تو خریدش یک لحظه شک نکنین  .,1
 واقعا مطالعه باهاش لذت بخشه  .,1
متاسفانه سرعت این کتاب خکان نسبت به برند‌های دیگه پایینه و فرمت pdf زو به خوبی اجرا نمیکنه و هنگ میکنه ولی دز کل اگه میخواین هزینه زیادی ندین به نظر من این مورد مناسبیه برای خرید,1
عالی و قیمت نسبتا خوب,1
من هم مثل خیلی از دوستان دیگه خیلی روی کتاب کاغذی تعصب داشتم و نظرم این‌بود که موقع مطالعه باید کاغذ رو لمس کنم تا کتاب رو حس کنم  !,0
 کتاب خوندن تو کتابخوان با موبایل خیلی متفاوته  .,0
 میتونم با اطمینان بگم که کتاب کاغذی فرق چندانی با کتابخوان‌ها نداره  .,1
 خوبی‌های زیادی داره و بدون اشکال هم نیست و با هر آپدیت عملکردش بهتر میشه قیمت مناسبی داره برای کسایی که زیاد کتاب میخرن و میخونن  .,1
 اولا قیمت کتاب‌ها ارزونتر از کتاب کاغذیه و اینکه معمولا همین قیمت هم کلی تخفیف میتونه روش اعمال بشه  .,1
 سرعتشم نسبتا خوبه من بعد پنج ماه استفاده ازش راضیم  .,1
اشکالات کلی داره,2
خوبه راضیم  .,1
خیلی خوبه فقط کاش کاور هم براش میساختن که بشه به عنوان ابزار جانبی خرید ، اگر سیستم عاملش اندرویید‌بود و میشد بقیه کتابخوان‌ها هم مثل طاقچه نصب کرد خیلی خوب میشد  .,2
عالیه منتهی کوچیکه یکم اما ارزششو داره واقعا کتاب خیلی گرون‌شده‌من این رو برای کسی کادو گرفتم چون می‌دونستم خیلی دوسش داره ولی بهش می‌گفتم هیچی جای کتاب خوندن واقعی تو دست رو نمی‌گیره ولی وقتی رفتم کتاب فروشی و دوتا کتاب گرفتم و شدن صدوهجده هزارتومان خداروشکر کردم که اینو خریدم  .,1
 چشم هارو هم اصلا اذیت نمیکنه انگار واقعا کتاب می‌خونی رفتن از صفحه‌ای به صفحه دیگه هم خیلی راحته  .,1
خیلی خوشم اومد ازش اصلا چشمو خسته نمیکنه خیلی خوبه مرسی از فیدیبوک و دیجی کالا لطفا کاور یا کیس محافظتی براش بیارید,1
به هنگام آپدیت نرم‌افزارش ( Firmware )، گویا باگ دارد  .,2
 بعد دنلود به‌روزرسانی و نصب آن و راه‌اندازی دوباره ، مدام پیغام نصب آپدیت ظاهر می‌‌شود  .,2
 البته ، فایل آپدیت از حافظه پاک شود ، ایراد رفع می‌شود ، اما با اتصال به نت ، دوباره پیغام به‌روز‌رسانی و دنلود آن برمی‌گردد و همان ایراد تکرار می‌شود  .,2
 شاید هم عمومی نباشد و دستگاه من مشکلی پیدا کرده  .,2
اول برادرم تهیه کرد و به فاصله ی یک روز من خریدمش  .,1
 خیلی دوسش دارم  .,1
 خیلی زیاد  .,1
 اثر انگشت درسته روی قاب میمونه اما خب پاک میشه و در برابر خوبی‌هایی که داره اصلا مهم نیست  .,1
 واقعا خرید خوبی‌بود  .,1
 قیمتش گرونه اما برای کسایی که مثل من هزار و یک کتاب دارن و نمیتونن با خودشون جا به جا کنین لازم‌بود  .,1
 بسیار هم سبک و خوش دسته,1
اول بگم کتابخوان با تبلت خیلی فرق داره شما با داشتن کتابخوان میتونید صدها کتاب رو‌همیشه همراه داشته باشید نور و طراحی صفحه به کتاب شبیه هست و سبکی کتابخوان باعث‌حس‌مطالعه بیشتر میشه درحالی که تبلت و موبایل در مدت طولانی برای کتاب خواندن مناسب نیست,1
این دستگاه رو به تمام افرادی که کتاب زیاد میخونن در گوشی ( یا در کل ) ‌ پیشنهاد میدم ، چند نکته رو ذکر میکنم شاید فایده‌ای داشته باشه : - با اینکه گفته بودن 16G ساپورت میکنه من SD کارت 32 گیگ انداختم بدون مشکل کار کرد  .,1
 فقط چون مک دارم نتونستم بزنم با USB به کامپیوتر اونطوری فایل‌ها رو انتقال بدم  .,0
 - اگر دیدید داره زیادی باتری خالی میکنه همونطور که در کتابچه ی راهنمای همراهش گفته wifi رو خاموش کنید ، و همچنین نور پس زمینه میتونه زیادی مصرف رو بالا ببره که خوب طبیعیه  .,1
 من دوست ندارم نور اضافی مگر شب پس مشکلی ندارم  .,1
 - این دستگاه کار باهاش نمیکنید خاموشش کنید که بازم باتری بیشتر بمونه ، من از خودم نمیگم اینو اصلا تنظیم پیشفرضش بعد 120 دقیقه خودش دستگاه رو خاموش میکنه ، چون برای من هم تازگی داشت اینجا برای شما هم نوشتم شاید 2 روز جلو بیوفتید  .,1
 - هنگام خواندن کتاب‌ها با حروف لاتین به صورت خودکار دکمه‌های تغییر صفحه برعکس کار میکنن که خیلی خوشحال شدم چون تنظیماتی هم داره که کدوم دکمه صفحه رو عقب و کدوم جلو میبره ، اگر قرار‌بود هردفعه بین کتاب‌های فارسی و انگلیسی سویچ میکردم تغییر بدم کار سخت میشد  .,1
 در نقاط ضعف نوشتم مشکل PDF رو و میخوام اینجا اضافه کنم ممکنه در آپدیت‌ها این مشکل حل بشه  .,2
 دوست دارم چند پیشنهاد هم بدم ، اصلا فکر نمیکنم دوستان کدنویس فیدیبو این نظرات رو بشینن بخونن ولی اگر تنظیماتی برای اضافه کردن تصاویر stand - by و حالت خاموش میگذاشید واقعا خوشحال میشدم کمی شخصی‌سازی کنم  .,0
 الان خواهرم هم خوشش اومده داره میره بخره ، قشنگ نبود بتونم مال خودم رو در صورتی که پای یک میز نشستیم تشخیص بدم  ؟,0
 دوستان ، باید در نظر داشته باشید این دستگاه نه گوشی همراهه ، نه تبلت ، توقع عجیب اگر دارید نخرید ، اگر صرفا کتاب میخونید مثل من دوستش خواهید داشت و از خریدتون راضی خواهید‌بود  .,1
 درضمن به نظر میاد تیم پشتیبانی دارن روی مشکلات نرم‌افزاری کار میکنن چند تا آپدیت‌بود که تا روشن کردم انجامشون دادم  .,1
کتاب بافرمت epub رو فوق العاده نشون میده و واقعا مطالعه رو لذت‌بخش میکنه,1
بهترییییییین هدیه,1
تقریبا تمام نظراتم رو در ویدیو ارائه کردم  .,0
 کافیه ویدیو رو ببینید  .,0
 سعی کردم از مراحل کار با فیدیبوک هم فیلم بذارم تا کسانی که میخوان خرید کنن بدونن به چه شکل هست  .,0
 من فکر میکردم میتونم تو تاریکی باهاش مطالعه کنم  .,0
 اما متوجه شدم که فناوری جوهر الکترونیک اصلا نوری نداره و مثل کاغذی  .,2
 برای این کار میشه نور صفحه رو زیاد کرد که انگار نور میندازه روی صفحه  .,2
 ولی یکم چشم رو اذیت میکنه تو این حالت  .,2
والا این که یه کتابخوان فارسی ساخته‌شده‌خودش به هر حال خسته نباشید داره به تیم سازنده  .,0
 ولی همون‌طور که نقاط ضعفش رو نوشتم سرتاسر ایراده  .,2
 به قول بیهقی در همه کارها ناتمامی  .,0
 در جواب دوستانی که نوشتن نباید با تبلت و موبایل مقایسه کرد ، من این کتابخوانو با کیندل نسل هفت و حتا اولین کتابخوان سونی که توی ایران وارد شد ( حدود 12 سال پیش خریدم ) مقایسه کردم  .,0
 تفاوت مثل تفاوت دوچرخه با بنز آخرین مدله  .,0
 سرتاسر ضعفه این فیدیبوک  .,2
با کیفیت و خوش ساخته اما ضروری نیست,1
من اولین کتابخوانم هست و راضی‌ام ازش شارژش خوب میره توی روز و شب راحت میشه ازش استفاده کرد,1
قیمت بالای آن که می‌توان با این قیمت یک  .,1
 تبلت با دو برابر امکانات و  .,1
 کیفیت بالاتر گرفت به نظرم این یک  .,1
 محصول ایرانی هست و باید قیمت اون هم  .,1
 ایرانی باشه واقعا عجیب‌بود برای من قیمت این دستگاه و حداقل قیمت این دستگاه باید بین یک میلیون تا یک میلیون و دویست هزار تومن باشه و  .,2
 مشکلات نرم‌افزاری داره که به نظرم شرکت فیدیبو اگر  .,2
 میخواهد لذت کتاب خوندن رو به مردم بده باید همگام با استاندارد جهانی و رقیب‌های خارجی خودش پیش بره و حتی بهتر از اون‌ها نه اینکه بگه خب این یک  .,2
 محصول ایرانی هست باید کیفیتش کمتر باشه,2
دستگاه رو تیر ماه خرید کردم ، ولی کارت گارانتی اش روش نوشته‌بود تا آخر ماه قبل گارانتی داشته یعنی عملا گارانتی نداشت کارت همراهش که اعتبار فیدیبوک هست ( 200 هزار تومن ) هم تا اخر سال 1400 اعتبار داره در مجموع در بازار ایران بد نیست ، ولی اگه بشه کیندل رو به قیمت واقعی خرید فکر میکنم بیشتر بیارزه  ...,2
کلمات را به هم می‌چسباند  .,2
 باز کردن ی فایل حدود 2 دقیقه طول میکشد  .,2
 رفتن به صفحه بعد و قبل را اگر سریع بزنیم هنگ می‌کند ولی با سرعت معمولی و چنانچه صفحه بعد در همان فصل باشد اوکی  .,2
 رفتن به فصل بعد 2 دقیقه طول میکشد  .,2
اصلا انتظار دستگاهی به این خوبی رو نداشتم  .,1
 واقعا راضیم از خریدم  .,1
 فقط‌ای کاش فیدیبو یا با نرم‌افزار‌های کتاب دیگه هم همکاری میکرد یا اینکه خودش کتاب‌های بیشتری اضافه میکرد  .,2
 بیشتر کتاب‌ها شدن کتاب‌های انگیزشی و  ...,2
 و کاش کمی قیمت کتاب‌ها رو منصفانه تر قرار بدهند  .,2
 مطمینن کتابی مثل شیاطین که قیمت نسخه چاپیش 200 تومنه ، قیمت الکترونیکش 132 تومن نباید باشه  ...,2
 بازم ممنونم از بودن این کتابخوان,1
من زیاد تحقیق کردم برای خریدش و در این قیمت تنها گزینه برای کتابخوان فارسی‌بود  .,1
 ولی اصلا انتظار نداشتم اینقدر خوب باشه  .,1
 همچی رو در نقاط قوت و ضعف نوشتم  .,0
 درمورد اینکه بعضی دوستان گفتن کاش میشد ایمیل رو تو خودش با نرم‌افزار جیمیل چک کرد نه از سایت جیمیل  .,2
 باید بگم که میشه  !,1
 کافیه برید تو مرورگر و روی یه لینک نگه دارید و بعد گزینه اشتراک‌گذاری رو بزنید  .,0
 و نرم‌افزار جیمیل باز میشه  !,0
 بعد وارد ایمیلتون بشید  .,0
 از این به بعد هروقت اشتراک‌گذاری رو بزنید و بعد بالا رو گزینه نگاشتن بزنید میره تو صفحه اصلی نرم‌افزار جیمیل  .,0
 من خیلی از نرم‌افزار جیمیلش استفاده میکنم و جیمیلم رو چک میکنم  .,0
 امیدوارم مشکل نرم‌افزار جیمیل رفع بشه تو آپدیت بعدی تا راحت تر ازش استفاده کنیم  .,2
 پیشنهاد میکنم اول برید به آرشیو فیدیبو سر بزنید  .,0
 اگه راضیتون کرد اقدام کنید برای خرید  .,1
 چون خوندن pdf توی کتابخوان‌ها زیاد مناسب نیست  .,2
 البته خود کتابخوان یه گزینه داره که حواشی pdf رو میگیره تا نوشته‌ها بزرگ تر بشن  .,1
 و اگه یک متن رو در قالب word دارید پیشنهاد میدم فونتش رو بزرگ کنید  .,1
 مثلا 30  .,1
 بعد حواشی رو توی تنظیمات خود word کم کنید تا حاشیه زیاد از بین بره  .,1
 بعد به pdf ذخیره کنید بریزید تو فیدیبوک و از خوندنش لذت ببرید  .,1
 اینم یه روش برای مطالعه راحت تر این نوع فایل‌ها  .,1
 اما اگه به فایل به متن pdf دسترسی ندارید تا توی word ادیتش کنید همونطور که بالاتر گفتم یکم کار سخت میشه  .,0
 خوندن این نوع pdf‌ها غیر ممکن نیست  .,0
 اما شاید یکم سخت باشه  .,0
 عکس آپلود میکنم ببینید  .,0
اگر اهل کتاب خوندن هستین حتما بگیرین  .,1
 سرعتش یکم کنده که اغلب کتابخوان‌ها همین طورن  .,2
 یکم پی دی اف انگلیسی خوندن باهاش سخته که با زوم کردن بهتر میشه  .,2
من فکر نمیکردم انقد خوب باشه ولی واقعا پیشنهادش میکنم به همه,1
سلام بسیار عالی‌بود فقط اگه کیف یا کاور هم برایش تعبیه بشه خیلی بهتر میشه,2
هم فیدیبوک رو استفاده کردم هم کیندل نسل 10 و ب نظرم جفتشون فوق العاده ن ، فیدیبوک قیمت کمتر داره درسته ولی خب انگار صفحه نمایش خشکه و مثل کیندل جالب نیست ولی دکمه‌های بغلش خیلی خوبه و مخصوصا دکمه بازگشت ، در مورد کندی و هنگ کردن هم که ممکنه بعضیا رو ب شک بندازه من هنگ ندیدم ، کندی فیدیبوک در اجرای فایل ه ک تقریبا میشه گفت دو ثانیه دیرتر باز میشه اما جا ب جایی بین صفحات فیدیبوک سریع تره ، هنگ کردن فیدیبوک رو ندیدم احتمالا ب خاطر آپدیت جدیده ، و این که فیدیبوک با آپدیت نرم‌افزار می‌تونه امکان هایلایت برای جزوات pdf هم بذاره و نرم‌افزار آدوب ریدر رو عوض کنه به گوگل درایو ریدر که سرچش درسته ، در کل فیدیبوک با آپدیت نرم‌افزاری بهتره و می‌صرفه,1
کار راه اندازه اما چون ایرانیه ترجیح میدادم قیمتش هم ایرانیزه‌شده‌باشه و کمتر باشه  .,2
 آپدیت کردم یکم بهتر شد ولی همچنان سرعتش اذیت‌کننده است البته تا زمانی که دنبال فایلتون میگردید بعد از این که بازش میکنید دیگه سرعت و اف پی اس کم بی‌اهمیت میشه,2
با مقایسه نقاط قوت و ضعف ، کیفیت کلی آن خوب و قابل قبول است  .,1
من راضی م  .,1
 خیلی راحت کتاب هام رو از لبتاپ ریختم توش و باز کردش هدیه ش هم کار کرد  .,1
 خیلی وقت ه دارم دنبال کتابخوان میگردم مدل‌های شرکت آمازون رو هم باهاش مقایسه کردم و به جز باطری می‌تونم بگم خیلی فرقی نمی‌کنه شاید اونا سریع تر باشن ولی با اون قیمت نمی‌ارزن ادم بخواد بخره,1
خیلی وزنش خوبه کیفیت صفحه قابل قبوله باتری هم خوبه,1
خیلی بهتر از اونی که فکر می‌کردم هستش مخصوصا دیکشنریش من برای مطالعه کتابای کنکورم خریدمش,1
من کاملا از خریدم راضی هستم و هنگامی که نظرات کاربرها را مطالعه می‌کردم بسیار دو دل شده‌بود اما نهایتا تصمیم گرفتم خودم کالا را امتحان کنم و باید بگم گلگی‌ها از سرعت نمایش اشتباه هست و کتاب‌خواب در این مورد حتی در EPUBهای 3هزار صفحه‌ای هم توانا‌بود ، گرچه اگر شما یک‌باره بخواهید از ابتدا به انتها بپرید دستگاه یا با تاخیر این کار را می‌کند یا متوقف می‌شود و از برنامه بیرون می‌آید  .,1
 تقریبا 2 ماه هست که از کتاب‌خوان استفاده می‌کنم و بزرگ‌ترین مشکل آن در نمایش PDF است چون میبایست به خاطر اندازه نمایشگر در صفحه زوم کنم و مرور به گوشه و کنار صفحه تجربه‌ی جالبی نبود حتی اگر کتاب‌خوان را به صورت افقی نگه بدارید  .,2
 در پایان نیاز مطالعه کتاب‌های EPUB من را برطرف کرد و امیدوارم در آینده هم نرم‌افزار آن همواره ارتقائ یابد و شاهد نسل جدیدی از کتاب‌خوان فیدیبوک با آرشیو کتاب‌های بیشتر با همکاری فروشگاه‌های کتاب دیگر باشیم ، چون در حال حاضر اکثر کتاب‌های موجود در فروشگاه اصلا جذاب نیستند ( سرشار از کتاب‌های زرد انگیزشی ) .,2
 تصویر : کتاب « این آقا کی باشند  ؟,0
» نوشته‌ی محمود کیانوش,0
خب بعد از سه ماه استفاده می‌خوام از فیدیبوک بگم خب تنها کتابخوانیه که می‌تونید ازش تو این قیمت استفاده کنید ولی همین قیمت متوسطش باعث‌شده‌کیفیت ساخت خوبی نداشته باشه و قاب دورش به تق تق می‌افته  .,2
 نمی‌شه برنامه‌های دیگه رو ریخت فقط فیدیبو و پی‌دی‌اف  .,2
 تاچش به نسبت خوبه رمش هم جوابگوی خودش هست ولی به خاطر E - ink ریفرش شدنش با تاخیره که خب طبیعیه به لحاظ نرم‌افزاری قوی نیست و باید باهاش مدارا کنید نکته مهمش اینه که دیجی به شما آدابتور شارژر نمی‌ده و برای پیدا کردن یه آدابتور که باتری رو خراب نکنه به مشکل می‌خورید واقعا موجب تاسفه بعد چند سال هنوز یه شارژر نذاشتن براش  .,2
 در کل اگه می‌تونید بیشتر هزینه کنید برید سراغ کیندل و غیره وگرنه با قیمت پایین مناسبه,2
من این کالا رو مرجوع کردم و از تیم دیجی کالا بخاطر نظم و اهمیت به نظر مشتری بسیار ممنونم و بخاطر این لطف دیجی کالا در پذیرش مرجوعی خرید از دیجی کالا رو به همه دوستانم توصیه می‌کنم,2
جدیدا خریداری کردم ، سبک و راحت و مناسب برای مطالعه اما به نسبت گران  .,1
 در کامنت‌ها دیدم که قبلا قیمتش نصف این بوده  .,2
 اما قیمت جدید یعنی یک میلیون و هفتصد به نظر من برای این کالا زیاد است  .,2
 در مجموع رضایت‌بخش است  .,1
نسبت با قیمتش عالیه چشم اصلا اذیت نمیشه و شبا رفیق منه تا صبح,1
لطفا کاور و گلس هم براش بزارید  .,2
 چون دائم با خودت همه جا می‌بری خیلی لازمه  .,1
این نظرات من با توجه به اینکه از کتاب خوان اونیکس 6 اینچ چند ساله دارم استفاده می‌کنم است این کتاب خوان رو چند روزه گرفتم و موارد زیر رو مشاهده کردم شاید برای دوستان کتاب خوانم که قصد خرید دارند مفید باشه  .,0
 فایل‌های پی دی اف را که درشت می‌کنیم برای اینکه قسمت پایین که خارج از کادر قرار می‌گیرد را بخوانیم باید با انگشت صفحه را جا به جا کنیم که هم تنظیم آن زمان بر است و هم ممکن است خط را گم کنیم  .,0
 وقتی دکمه کناری را میزنیم کلا به صفحه بعدی می‌رود در اونیکس حاشیه‌های پی دی اف را حذف می‌کند تا نوشته‌ها درشت تر شوند ولی در این کتابخوان این امکان را ندارد و بایستی دستی انجام شود در اونیکس کتاب‌هایی پی دی اف که دو صفحه را با هم اسکن کرده‌اند یا مثل ستون‌های روزنامه را می‌توان تعریف کرد که تکه تکه و به ترتیب نوشته نمایش دهد  .,2
 ولی این امکان در این کتاب خوان نیست و بایستی با انگشت جا به جا کرد همان کاری که توی کامپیوتر برای مطالعه این‌گونه فایلها می‌کنیم در مدیریت فایل هم نتونستم شاخه درست کنم و فایل هامو مرتب در شاخه‌های جدا از هم نگه دارم تا دسترسی به کتاب هام که زیاد هم هست راحت باشه  .,2
 شاید با وصل کردن به کامپیتر بتونم  .,0
 هنوز آزمایش نکردم امیدوارم تو آپدیت‌های بعدی امکاناتش بهتر بشه اخه این مواردی که گفتم نرم‌افزاری قابل رفع است و کتاب خوان رو به یه کتاب خوان ایده‌ال تبدیل می‌کنه  .,0
 برای کتابخوان کاور پیدا نکردم کاشکی مشخص‌بود چه کاوری بهش میخوره تا بتونم تهیه کنم  .,2
 دوستان اگه مدلی پیدا کردند که بهش بخوره اطلاع بدند لطفا ضمنا کتاب خوان انحصاری فیدیبو است البته با توجه به اینکه میشه باهاش پی دی اف خواند شاید زیاد مهم نباشه کتاب خوان برای کسایی که اهل مطالعه هستند بسیار واجبه  .,2
 خواندن با موبایل وکامپیوتر صدمه زدن به چشم‌های نازنینمونه این کتاب خوان حتی با توجه به اینکه کمبود‌هایی نسبت به نمونه خارجی داره باز هم از نظر من قابل قبوله  .,1
 امیدوارم از نظر کیفیت و کارایی خوب باشه من از خریدم راضی هستم هر چند با کتاب خوان اونیکس به همین سایز استفاده می‌کنم  .,0
 امید وارم مطالب بالا مفید باشه,0
خوبه ولی قیمت بالاست Pdfرو خوب نمیخونه مخصوصا اگه قونت‌های اون‌ریز باشه,2
اصلا فکر نمیکردم یه محصول ایرانی همچین کیفیتی داشته باشه,1
خیلی زیبا جمع وجور و مفیده ، اگه فرمت صوتی پشتیبانی میکرد عالی میشد ، دوستان گفته بودن براش کیف پیدا نمیشه ولی من میگم به افرادی که کار چرم می‌کنند میتونین بسپارید براتون سفارشی اینکارو بکنند  .,1
اول اینکه محصول فوق العاده اییه  .,1
 همسر من کیندل داره و در مقایسه با اون باید بگم که کیندل فقط نسخه Mobi و PDF رو ساپورت میکنه ولی فیدیبوک همه فرمت‌ها رو نشون میده  .,1
 توی کیندل نسخه فارسی کتاب نمایش داده نمیشه ولی فیدیبوک داره  .,1
 گرچه نقاط ضعفی هم داره  .,2
 نسبت به کیندل کندتره  .,2
 شفافیت صفحه کیندل رو نداره  .,2
 ولی بدتر از همشون اینه که روی فیدیبوک ، سیستم جدید اپلیکیشن فیدیبو ، یعنی فیدیبو پلاس نشون داده نمیشه که متاسفانه خیلی توی ذوقم خورد  .,2
 امیدوارم که توی بروز رسانی‌های بعدی این مشکل حل بشه  .,0
راستش رو بخوام بگم انتظار نداشتم محصول خوبی به دستم برسه ؛ در حدی که حتی یک روز پیش از تحویل گرفتنش ، رفتم یک نگاهی انداختم به قوانین مرجوع کردن کالا و آماده‌بودم که محصول خرابی که به دستم می‌رسه رو همون روز برگردونم  !,1
 خوشبختانه اما چنین نشد و از خریدم راضی‌بودم  .,1
 نخست این رو ذکر کنم که این دستگاه یک تبلت نیست و قرار هم نیست جایگزین گوشی یا تبلت شما بشه  .,0
 پس اون رو با هدف وب‌گردی ، نصب اپلیکیشن‌های مختلف ، آهنگ گوش دادن و  ...,0
 نخرید  .,0
 علاوه بر این که سیستم‌عاملش به‌طور خاص سفارشی‌سازی‌شده‌برای همین دستگاه و امکانات معمولی اندروید در اختیار شما نیست ، صفحه‌اش refresh rate بسیار پایینی داره که برای چنین دستگاهی هم کاملا طبیعیه  .,2
 این یک دستگاه کتاب‌خوان هست و فقط هم برای یک کار طراحی‌شده‌: کتاب‌خوانی  .,1
 اگر هر انتظار دیگری ازش دارید ، محصول اشتباهی رو انتخاب کردید  .,1
 دستگاه بسیار خوش‌دست هست و همچنین بسیار سبک ( حتی سبک‌تر از یک اسمارت‌فون ) .,1
 تراکم پیکسلی قابل قبولی داره  .,1
 صفحه‌اش مات هست و نور کمی رو بازتاب می‌کنه  .,2
 بنابراین با مطالعه زیر نور خورشید یا لامپ مشکلی نخواهید داشت ( البته توجه داشته باشید که در هر صورت صفحه‌ی دستگاه از پلاستیک هست و اندکی بازتاب داره ؛ اما نه زیاد ) .,1
 بزرگ‌ترین اشکالش اینه که شما محدود هستید به پلتفرم فیدیبو ، به علاوه‌ی کتاب‌ها یا کلا فایل‌هایی که خودتون به صورت آزاد ( بدون DRM ) با یکی از فرمت‌های پشتیبانی‌شده‌در اختیار دارید  .,2
 بنابراین نمی‌تونید کتاب‌هایی که روی پلتفرم‌های دیگری مثل طاقچه ، کتابراه ، آمازون ، گوگل یا  ...,2
 خریداری کردید رو روی فیدیبوک بخونید ( مگر این که به شکلی موفق بشید قفلشون رو بشکنید و از سد مسخره‌ی DRM گذر کنید ) .,2
 نکته‌ی 1 : برخی از دوستان گفته بودن که گاهی اثر نوشته‌ها روی صفحه باقی می‌مونه  .,2
 برای رفع این مشکل ، هر چند صفحه یک بار ، صفحه‌ی دستگاه برای لحظه‌ی بسیار کوتاهی مشکی می‌شه تا آثار رو به‌طور کامل از بین ببره  .,0
 از این بابت جای نگرانی نیست  .,1
 دوست دیگری هم گفته‌بود با PDFهای بالای 5 مگابایت مشکل داره  .,2
 بنده چنین مشکلی ندیدم و یک فایل 17 مگابایتی رو هم تونست باز کنه  .,1
 البته مشاهده‌ی من محدود بوده و جا داره فایل‌های دیگری ( مثلا شامل عکس‌های بسیار و یا دارای حجم‌هایی بالاتر ) رو تست کرد و دید آستانه‌ی تحمل دستگاه تا کجاست  .,0
 نکته‌ی 2 : زمانی که به دستتون می‌رسه ممکنه مشکلاتی نرم‌افزاری داشته باشه  .,2
 مثلا برای من مرورگر وب باز نمی‌شد  .,2
 حتما پیش از استفاده ، اون رو آپدیت کنید  .,1
 پس از آپدیت دیگه به مشکل نرم‌افزاری خاصی بر نخوردم  .,1
برای مطالعه کتاب الکترونیکی خوب است اما اگر رنگی باشد بهتر می‌شد  .,2
اصلا چشم رو اذیت نمیکنه حتی اگه در تاریکی باهاش کتاب بخونید  .,1
 باتریش حدودا 10 روز کار داد البته من زیاد ازش استفاده میکنم  .,1
 فقط شارژر نداره فقط کابل داره که من خودم قسمت سر شارژر رو جدا ده تومن خریدم,2
خیلی دو دل‌بودم بخرم یا نه که بالاخره دلو به دریا زدم و خریدم  .,1
 همه چیش عالیه  .,1
 تنها نقطه ضعف از نظر من نبود حالت dark mode برای فایلهای mobi هست که خودم روش ریختم  .,2
 عملا شبا نمیشه باهاش کتاب بخونی  .,1
 من بیشتر رمان انگلیسی میخونم و اکثر کتابهایی که دارم با فرمت epub هست  .,1
 حالت Dark Mode برای این فایلها فعاله اما فونت 3 مدل بیشتر نداره  .,1
 در حالی که شما همون کتاب رو با فرمت Mobi بریزید و باز کنید می‌بینید که چندین فونت مختلف داره  .,2
 امیدوارم در بروزرسانیهای بعدی این مورد رو رفع کنن  .,2
 با تشکر از فیدیبو ودیجیکالا,0
سلام من برای خوندن جزوات دانشگاه و کتابهای زبان اصلی این دستگاهو خریدم  .,1
 و تا الان خیلی عالی بوده و واقعن ازش راضیم قیمتش با توجه نقاط قوتش می‌ارزه,1
یکروز جلوتر به دستم رسید ، ممنون از دیجی کالا تمام متون فارسی ، انگلیسی و فرانسه را به راحتی نمایش میده  .,1
 اعتبار هدیه به راحتی انتقال یافت  .,1
 فرمت epub دارای حجم بسیار کم هستش و نبود کارت حافظه جانبی چندان ضروری نیست  .,1
من شخصا یک مشکلی باهاش دارم و به غیر از اون کاملا راضی‌ام  .,1
 در هایلایت کردن متن یک مقداری اذیت می‌کنه و دقیق عمل نمی‌کنه ، بیشتر و کمتر از متن مورد نظر رو می‌گیره و چند بار باید اقدام کنم تا بالاخره همون جملاتی که می‌خوام رو هایلایت کنه  .,2
برای کسانیکه که علاقه دارن به مطالعه زیاد بسیار مفیده اوناییکه مثل من چشماشون ضعیفه و نمیخوان با تبلت مطالعه کنن فوق العادس من یه چند وقتی با تبلت مطالعه کردم و چشمام نیم نمره هر کدوم ضعیفتر شد ولی در ارتباط با بحث کارت هدیه اول که ثبت کردم پیام داد که قبلا این کارت استفاده‌شده‌و گارانتیش هم یکسال مونده‌بود شش ماهش گذشته‌بود اما بعد از اینکه با خدمات پس از فروش دیجیکالا تماس گرفتم جناب آقای شعبانی عزیز فرمودن که مشکلی نیست و کالا رو مرجوع کنید اما بعد از اینکه اکانت فیدیبوم رو همگام‌سازی کردم حسابم شارژ شده‌بود و من هم درخواست مرجوعیم رو لغو کردم اینو در جواب اون دوستمون مینویسم که گفت کارت هدیه استفاده‌شده‌و پاسخگو نبودن ممنونم از دیجیکالا و عذرخواهی میکنم از آقای شعبانی عزیز بابت اشتباهم و همچنین از ایشون تشکر میکنم ممنون از همه دیجیکالایی‌های زحمتکش,1
خوشحالم که بالاخره دل به دریا زدم و فیدیبوک رو خریدم  .,1
 الان چند روزه که مدام باهاش کتاب میخونم و واقعا راضیم  .,1
 مشکلی با فایل‌های pdf نداشتم ، همینطور خاموش شدن یا باقی موندن نوشته‌های صفحه قبل واسه من اتفاق نیفتاد  .,1
 یه اثر محو از صفحه قبل هست که شبیه کتابه ، یعنی همون قدر پیداست ، نه بیشتر  .,1
خیلی مردد‌بودم که بخرم یا نه  .,2
 ولی بلخره دلو زدم ب دریا و خریدم  .,1
 یه کوچولو سرعتش کمه ولی الکترونیک اینک کلا تکنولوژی ایه که مدلش همینجوریه که سرعتش یه کم پایینه  .,2
 فک میکردم پی دی اف انگلیسی خودم بریزم روش چون صفحه کوچیکه زوم نداره و نمیشه خوند  .,2
 ولی حالت خواندن توی تنظیمات داره که خودش هر یه صفحه رو دو قسمت میکنه  .,1
 فونت نوشته‌ها رو هم میشه توی همون تنظیمات بزرگتر کرد تا هر اندازه دلتون بخواد  .,1
 زوم هم داره ولی بهتره از تنظیمات بزرگترش کنید چون اینجوری کیفیتش بهتر میشه ولی با زوم انگار یه کم کمرنگ میشن نوشته‌ها  .,1
 در کل خیلی راضیم و واقعا بدون کتابخوان خیلی سخته پی دی اف خوندن  .,1
قیمتش نسبت به عملکردش بالاست ولی چون گزینه‌های مشابه کمی داره بد نیست وقتی صفحه بدون متن باشه رد نوشته‌های صفحه قبلی پیداست ولی وقتی صفحه متن‌دار باشه ، صفحه قبلی خیلی پیدا نیست,1
واقعا عالیه اصلا چشم‌رو اذیت نمیکنه ولی مثل کتاب نیست بسیار لذت‌بخش و خوش دست هستش ، یه دوسته واسه تنهایی و بنظر من بهترین گزینه برایه اینه که سواد آدم رو ببره بالا این یه فرصت‌بود برای با سواد تر شودن ، ممنون از دیجی,1
لق بودن دکمه‌های کناری و بالای آن  .,2
 دوستان فعلا نخرید  .,2
 حس میکنم سری جدید این کالا را که تولید کردن یه سری مشکلات سخت افزاری داره که به درد نمیخوره  .,2
 من واقعا شیفته این دستگاه‌بودم ولی متسفانه دیگه هیچ علاقه‌ای بهش ندارم چون با این مشخصات و خرابی‌ها به درد نمیخوره  .,2
با توجه به قیمت ارائه‌شده‌، بسیار عالی,1
اگر نور بهش بتابونیددخوله ولی نور خود صفحش چشمو اذیت میکنه و باطری رو سریع خالی مسکنه  .,2
 همچنین تم شبش تعریفی نداره صفه عوض کنی جای نوشته‌های قبلی میمونه روش  .,2
 باید با چراغ مطالعه استفاده کنید ازش  .,2
 ی دیکشنری معمولی و کار راه انداز داره روش‌ای کاش آپدیتش کنند  .,1
دستگاه بسیار خوبیه  .,1
 قبلا کیندل اوسیس داشتم  .,0
 درسته که از نظر کیفیت بدنه نسبت به اوسیس ضعیفتره ولی مزایای زیادی هم داره  .,2
 از جمله خواندن فرمت epub که برای فارسی زبانها واقعا عالیه  .,1
 pdf هم میتونید باهاش بخونید بشرطی که با k2pdf کتاب رو تنظیم کنید و گرنه اذیت میشید  .,1
 کلا برای کسانی که فقط متن فارسی میخونن بهترین گزینه هستش  .,1
 تنها محدودیتش اینه که نمیشه از طاقچه و سایر برنامه‌ها غیر از فیدیبو در این دستگاه استفاده کرد مگر اینکه جیلبریک بشه که اونم توصیه نمیکنم  .,2
به نظر من اونایی که واقعا میخوان کتاب بخونن حتما بخرن وگر نه بیخیال بشید بدنه دستگاه خیلی شل و بی‌کیفیته اگه یخورده تو دست فشار بدی احتمالا بشکنه ولی باطری فوق العاده‌ای داره و صفحه نمایشش هم باکیفیته چند تا پی دی اف ریختم همش هنگ میکرد مجبور شدم به جز یکی دو تا بقیشو پاک کنم ، اینترنت گردی هم کلا بدرد نمیخوره,2
500 هزارتومان بیشتر نمی‌ارزه,2
بسیار عالیه این کتابخون سرعتش تو اپدیت جدید خیلی عالیه و از همه مهمتر که تم مشکی بهش اضافه شددده,1
برای چشمهایی که کمی مشکل دارند ولی عینک نمیزنند اذیت‌کننده است مثلا اگر شماره چشمتان زیر یک هست ولی عینک‌نمیزنید برخلاف کتاب کاغذی مطالعه خسته‌کننده می‌شود نکته بعد مطالعه کتابهای پی دی اف است بطوریکه کل صفحه را در ابعادی کوچک می‌اندازد هر چند نشان می‌دهد ولی مرتب باید اینور اونور متن زوم کنی ببینی چی نوشته و مانند‌ای پاپ روان و پرسرعت نمیتوانید مطالعه کنید,2
بسیار چیز خوبیه  .,1
 وزنش کمه میتونین تو کیف نگهش دارین  .,1
 چشم اذیت نمیشه  .,1
 البته اگه پولشو دارین خب کیندل بخرین ولی اگه نه اینم چیز خوبیه  .,2
 من هدیه دادمش طرف خیلی راضی بود,1
سلام ، یک ماهه که استفاده اش میکنم  .,1
 جزوه‌های دانشگاه رو باهاش میخونم  .,1
 خیلی جذاب هست  .,1
 خوش دسته  .,1
 اگر با موبایل زیاد کتاب میخونید حتما بخرید تا چشم هاتون سالم بمونه  !,1
یکی از بهترین خریدهای زندگیم بود,1
من سه چهار ماهی هست خریدم اینرو  .,1
 مهمترین ویژگی مثبتش جوهر الکترونیکی هست که چشم رو اذیت نمی‌کنه  .,1
 دیکشنری فارسی و انگلیسی هم داره که خوبه  .,1
 برای خوندن پی دی اف زیاد مناسب نیست و فرمت epub بهترین فرمت برای این کتابخوان هست  .,2
 علاوه بر کتابهایی که از فیدیبو می‌خرید ، هر کتابی رو دوست داشتید می‌تونید خودتون بریزید توش  .,1
 تبدیل پی دی اف به epub کار ساده‌ای هست  .,1
 یه سرچ کنید یاد بگیرید  !,0
به نظرم برای عاشقان کتاب فوق العاده است  .,1
 شما را بی‌نیاز از خرید کتاب می‌کند ، دوستدار محیط زیست می‌شوید ، از مطالعه خسته نمی‌شوید ، برای جیبتون هم بهتره ( کتابهای دیجیتال قیمت ارزان تری دارند ) و قابل رقابت با کیندل هست  .,1
 در کل نسبت به قیمتش عالی است  .,1
 من برندهای کیندل و بوکس رو هم چک کردم و باید بگم نسبت به پولی که می‌دهید آنقدر استفاده نمی‌کنید ، ولی فیدیبوک مناسب و عالی است  .,1
 با 200 تومن کارت هدیه و تخفیفای فیدیبو میتونید خیلی کتاب بخرید  .,1
مصرف باتری خیلی کمی داره  .,1
 چشم رو اذیت نمی‌کنه و میشه متنو هایلایت کرد  .,1
 ب وب وصل میشه ولی اینقدر بده ک عملا قابل استفاده نیست وبش ولی ب فیدیبو خیلی راحت وصل میشه  .,2
 در کل نسبت ب قیمت عالیه,1
برای اهل مطالعه توصیه میکنم خواندن pdf باهاش راحت هست و زوم کردن هم مشکل نداشتم قطعا این یک کتابخوان هست و نه تبلت,1
متاسفانه این محصول به هیچ عنوان کارایی ندارد,2
کتابخوان جالبه‌ای است ، کتاب دارم مطالعه نمی‌کنم برای سنگینی ، برای مطالعه خیلی خوبه ،‌ای کاش می‌شد برنامه کتابخوان‌های دیگه هم نصب کرد  .,2
خیلی عالی هست و اینکه هر لحظه اراده کنی کتابی می‌خوانی و لذت می‌بری,1
از خریدم بسیار راضی هستم و استفاده از اون لذت‌بخش هست و کندی که دوستان گفتند برای یک کتابخوان اصلا به چشم نمیاد و اذیت نمیکند,1
من یه هفته‌اس دارم استفاده میکنم و واقعا از دستگاه قبلی که استفاده می‌کردم خیلی بهتره و اینکه ارزونترم هست  .,1
 خیلی وقت‌بود می‌خواستم بخرم ولی موجود نبود  .,0
 احتمالا منو‌ها هم بهتر میشن تو آپدیت‌های بعدی  .,1
بسیار کاربردی,1
درود بر سازندگان ایرانی پایدار و موفق بمانید  .,0
 با نمونه کیندل خارجی برابری می‌کند  .,1
 کاربری آسان  .,1
 فونت قابل تنظیم  .,1
 بارگذاری آسان PDF  .,1
 و اتصال سریع به Wifi  .,1
 سبک,1
من این دستگاه رو اسفند 99 خریدم  .,0
 عالی هستش و واقعا از کتاب خوندن باهاش لذت میبرم  .,1
 جزوه‌های دانشگاهی‌م رو ریختم داخلش و راحت بدون اینکه 10 تا کتاب داشته باشم ، یه دستگاه دارم  .,1
 برای استفاده راحتتر فایل‌های PDF رو به EPub تبدیل کنید که بهتر دستگاه ساپورت کنه  .,1
 به راحتی هم به PC وصل میشه و میتونیم کتاب‌های دیگه هم روش بریزیم  .,1
 جنس بدنه هم به طوری هستش که از دست به راحتی سر نمیخوره  .,1
 چشم رو به هیچ عنوان اذیت نمیکنه و برای کسایی که اهل خوندن ebook هستن بهترین تجربه ی نزدیک به کتاب فیزیکی میتونه باشه  .,1
 دوتا دکمه کنار دستگاه هستش برای عقب و جلو بردن صفحات که اول فکر نمیکنید مهم باشه ولی بعدا میبینید که چقدر استفاده رو راحت تر کرده  .,1
 تنها ایراد چشم‌گیری که میتونم بگیرم اینه که فقط اپ fidibo رو اجرا میکنه  .,2
 سعی کنید همیشه wifi روشن نباشه چون سرعت خالی شدن باتری رو زیاد میکنه  .,1
 سعی کنید حداقل دو یا سه روز یکبار همگام‌سازی کنید که صفحه‌هایی که خوندید با موبایلتون یکی شه  .,0
 اگر در آینده بتونه بقیه اپ هارو هم ساپورت کنه ، دلیلی نمیبینم اصلا خرید رو به تعویق بندازید  .,2
 اینم در نظر بگیرید که از دستگاه اندازه ی یک کتابخوان که فقط کارش کتاب خواندن هست ، توقع داشته باشید نه یک تبلت  !,1
بد نیست برای دانشجویان و دانش‌آموزان مناسب است,1
برای مطالعه کردن گزینه خوبی هست,1
این کتابخوان با اندازه ی مناسب به راحتی قابل حمل و بخاطر همین ویژگی مطالعه کتاب رو همه جا امکان‌پذیر میکنه ضمن اینکه با کارت هدیه 200هزار تومنی میتونید کتابهای مورد علاقه تونو از فیدیبو تهیه کنید  .,1
باحاله  .,1
 کار باهاش یکم صبر میخواد,2
من از خریدم واقعا راضی هستم  .,1
عالی ترین خودش هست,1
دکمه کنار صفحه بدون هیچ دلیل خاصی شکسته و از جاش اومده بیرون,2
