,date,auther,text,polarity
1,محمد باباجانپور عزیزی,۶ آبان ۱۴۰۰,سلام این کتابخوان توسط یک برند چینی طراحی و ساخت و برای فیدیبو ایرانیزه شده.زیاد قوی نیست اما کار خاصی هم قرار نیست انجام بده.برای مطالعه بدون دقدقه ضعیف شدن چشم بسیار خوب و مناسبه.عمر باطری تا چندین روز بسته به میزان استفاده ،زیاد شما رو درگیر شارژ نمی کنه‌.هیچ لوازم جانبی در ایران نداره ولی قطعات اون در مرکز خدمات گارانتی دیجی کالا موجوده و صفحه نمایش با قیمت 600هزار تومان تعویض شد.,+1
6,۲ آبان ۱۴۰۰,محمد دوستان,چیزی که تو ذوق من زد اندازه خیلی کوچکتر از تصورش بود برام، حتما سایز رو چک کنید قبلش، و اینکه کنده و مرتب پیام عدم پشتیبانی میده. مجبوری هی ببندی دوباره روشن کنی من میگم شما که پولشو میگیرید، یکم کیفیتشو ببرید بالا. من استفاده میکنم ازش، ولی درواقع چون مجبوریم و محصول بهتری تو ایران برای فارسی نمیشه گیر آورد....,-1
9,سهراب عطایی,۲۸ مهر ۱۴۰۰,شش ماهه هر روز ازش استفاده می‌کنم و راضی هستم، مشکل کندی که بعضی‌ها اشاره می‌کنن در حد آزار دهنده نیست، عینکی هستم و کتاب کاغذی بعد از نیم ساعت اذیتم می‌کرد اما با فیدیبوک تا پنج ساعت هم در یک روز مطالعه کردم بدون خستگی چشم! مصرف باطریش هم معقوله و مشکل خاصی ایجاد نمی‌کنه، دیکشنریش برای خوندن کتاب‌های انگلیسی واقعا کمک بزرگیه و اگه دنبال تقویت زبان انگلیسی هستین به دردتون می‌خوره، فقط کاش دیکشنریش قابلیت تلفظ کلمات رو می‌داشت. با در نظر گرفتن قیمت واقعا گزینه خوبیه. این رو هم بگم، دو روز قبل از عید سفارش دادم و قرار بود تا پونزدهم فروردین برام بفرستن که در کمال تعجب همون صبح روز عید به دستم رسید که خیلی بهم حال داد، ممنون از دیجی‌کالا!,+1
10,۲۸ مهر ۱۴۰۰,کاربر دیجی‌کالا,حرف نداره علی الخصوص برای مسافرت و مطالعه بیرون,+1
13,مرضیه رحیمیان,۲۲ مهر ۱۴۰۰,خیلی راضی هستم از خریدش دوتا هم خریدم ازش. اگر علاقه به خواندن کتاب به صورت چاپی دارید پیشنهاد میکنم کتابخوان هم امتحان کنید خیلی تجربه نزدیکی داره. من دانشجوعم و کتاب هایی که داشتم را میخواستم چاپ کنم ولی جاش این کتابخوان را خریدم و واقعا راضیم.,+1
15,۲۵ شهریور ۱۴۰۰,سولماز مددی,عالیه،از خریدم خییییلی راضیم,+1
16,سولماز مددی,۲۳ شهریور ۱۴۰۰,این اولین دستگاه کتابخوانی هست که خریدم و تجربه استفاده از کیندل و یا کتابخوان های دیگه رو ندارم. کیفیت بدنه ی دستگاه در نگاه اول کمی تو ذوق میزنه و ضعف مونتاژ قطعات رو با کمی دقت میشه دید ولی بازم در حدی نیست که توی ذوق بزنه و اذیت کننده باشه. دستگاه سبک و خوش دستی هست و باعث میشه به راحتی با یک دست بشه نگهش داشت و حتی در حالت خوابیده مطالعه کرد. کتابهای فارسی رو فقط میشه از خود فیدیبو دریافت کرد و امکان نصب مابقی کتابخانه ها مثل طاقچه رو نداره. براحتی میشه کتابهای انگلیسی رو بهش منتقل کرد (با فرمت Epub) و قابلیت نمایش کتابهای انگلیسی رو داره. کمی کند هست که نباید از کتابخوان بخاطر ذات کاربردش انتظار سرعت تبلت رو داشت. صفحه نمایش کاملا شبیه کاغذ هست و با داشتن تنظیم نور پس زمینه میشه شبها و توی تاریکی کامل هم ازش استفاده کرد. کم و بیش هنگ میکنه مخصوصا برای باز کردن کتابهای حجیم که خب تا حالا خیلی اذیت کننده نبوده و امیدوارم با آپدیت های نرم افزاری این مشکل برطرف بشه. در کل با توجه به قیمت و کارایش دستگاه خیلی خوب و کاربردی هست و نیاز من به کتابخوان رو کاملا برطرف کرده.,+1
17,۲۳ شهریور ۱۴۰۰,کاربر دیجی‌کالا,خوبه برای کتاب خوانها، ولی کتاب نمیشه,-1
18,کاربر دیجی‌کالا,۲۳ شهریور ۱۴۰۰,فیدیبوک که خیلی عالیه با این کتابخوان کاملتر هم شده,+1
19,۲۳ شهریور ۱۴۰۰,کاربر دیجی‌کالا,واقعا حس بسیارخوبی از کتابخوانی بدست می دهد. تفاوت چندانی با انواع خارجی ندارد. انتظارات من از یک کتابخوان را به خوبی برآورده کرد. امیدوارم بزودی دوباره موجود شود؛ چند فیدیبوک دیگر برای خانواده خواهم خرید.,+1
20,کاربر دیجی‌کالا,۲۳ شهریور ۱۴۰۰,دستگاه به نسبت خوبی هست و از خریدش پشمیان نمیشید اگر اهل مطالعه هستید .,+1
21,۲۳ شهریور ۱۴۰۰,الهویردی حسنی,خب چند تا نکته بعد از دو هفته استفاده مداوم. صفرم. من اکانت فیدی پلاس دارم اما کتاب های فیدی پلاس تو کتابخوان قابل استفاده نیست و باید بخرم اونا رو. چون دیجی پلاس بهم فیدی پلاس داده پس امیدوارم با هم این مشکل اساسی رو حل کنن. اول. اینکه من بقیه کتابخوان ها رو استفاده نکردم بدونم اونا چجورین و استاندارد چیه پس نظرم صرفا تجربه شخصی و فقط یه گواهی رو گواهی بقیه دوستانیه که نظر دادن. دوم. دستگاه جای پیشرفت داره. آپدیت جدید برای فیدیبو اومده این روزها که دستگاه هم نوتیس آپدیت میده اما برنامه جدید رو‌ به روز رسانی نمیکنه که نمیدونم چجوری قراره درست بشه. سوم. پی دی اف رو راحت باز میکنه و یه دوست عزیزی هم آموزش باز شدنش رو گذاشته، باید بگم اون تپ روی صفحه گاهی برای فایل های خود اپلیکیشن هم کاربرد داره، یعنی وقتی طول میکشه باز بشن. چهارم. نورش موقع شب واقعا خوب نیست و چشم من رو اذیت میکنه. به همین دلیل من از چراغ خواب بهره میبرم جای نور شب خود دستگاه. پنجم. من مشکلی با اثر انگشت و اینا ندارم اما اگر کسی مشکلی پیدا کنه سایتهایی هستن که برای این دستگاه تولیداتی دارن که برطرف میکنه.,+1
22,الهویردی حسنی,۲۰ شهریور ۱۴۰۰,بعد از حدود سه هفته استفاده نظرم رو میگم اول اینکه کادو بود و من رو بینهایت خوشحال کرد. برا کسایی که کتابخون هستن و با تکنولوژی میانه خوبی دارند هدیه بهتر از این پیدا نمیکنید. اولا که تجربه کپی کردن فایل های EPUB و PDF خیلی توش راحته. خرید کتاب تو فیدیبو هم با تخفیف های شبانه روزی که میذاره خیلی میتونه به صرفه باشه. ازین لحاظ ها شاید نسبت به کتابخون های خارجی که ما دسترسی راحتی به استورشون نداریم مزیت خوبی داشته باشه. نور پس زمینه صفحه خوبه و شب ها به کار میاد. وزن دستگاه زیاد نیست و اندازه ش هم برا مطالعه به نظر من مناسبه. قابلیت های معمولی مثل هایلایت کردن و کوچیک بزرگ کردن فونت و غیره رو به راحتی رو فرمت EPUB دارید. یه دیکشنری فوق العاده روی دستگاه نصبه که واقعا تجربه خوندن کتاب های انگلیسی رو خیلی دلچسب میکنه. کیفیت ساخت کمی پایینه. دکمه سمت راست دستگاه من یه کوچولو لق میزنه. مشکل عملکردی ازش ندیدم تا حالا ولی خب یکی از نکات ضعفش به نظرم بدنه دستگاهه. اولین تجربه من از دستگاه کتابخوان الکترونیکی بود که تجربه مثبتی بود در کل.,+1
23,۲۰ شهریور ۱۴۰۰,کاربر دیجی‌کالا,اگر کتابخون هستین و مشکل جابجایی کتاب، هزینه‌ی زیاد کتاب و... دارین این گجت خیلی به کارتون میاد اما نباید از پردازش و پردازنده‌ش توقع زیادی داشت,+1
24,کاربر دیجی‌کالا,۱۹ شهریور ۱۴۰۰,این دستگاه به نسبت قیمتش فوق العاده ست و حتماً توصیه می کنم که اگر کتابخون هستید، حداقل یکی ازش رو تو خونه داشته باشید. با وجود همچین دستگاهی، رسمی شما یک کتابخونه عظیم رو با وزنی کمتر از 200 گرم در دستهاتون خواهید داشت. علاوه بر کتابهای فارسی فیدیبو، شما می تونید تقریباً همه کتابهای زبان های دیگه رو از طریق libgen دانلود کنید و با این دستگاه بخونید و حالش رو ببرید. درست مثل برگه کاغذ هست.,+1
25,۱۹ شهریور ۱۴۰۰,کاربر دیجی‌کالا,بسیار ازش لذت بردم,+1
26,کاربر دیجی‌کالا,۱۸ شهریور ۱۴۰۰,من کالا رو سفارش دادم و به دستم رسید دیدم یکی از دکمه ها خراب هستش. مجبور شدم مرجوع کنم. تا مرجوع کردم ناموجود شد و متاسفانه الان دیجی کالا اصلا پاسخگوی من نیست. میگم دستگاه خودم رو بفرستید میگن نه! واقعا پشتیبانی به شدت ضعیفه. فقط میخوان سریع رد کنن تماسارو درست به حرفتون گوش نمیدن,-1
27,۱۸ شهریور ۱۴۰۰,کاربر دیجی‌کالا,دستگاه خیلی خوبی هست، کیفیت ساخت بالایی داره، موقع باز کردن صفحات یکم کند هست ولی خیلی اذیت نمیکنه. تنها مشکل این هست که فعلا نمیشه از اکانت فیدی پلاس روش استفاده کرد,+1
29,۱۶ شهریور ۱۴۰۰,محمد مسعود عزیزی,کتاب های الکترونیکی و PDF را که از غیر فیدیبو دانلود کرده ام را به خوبی باز نمیکنه و امکان های لایت و کپی پیست و استفاده از دیکشنری را ندارد در صورتی که با تبلت براحتی این کارها صورت می‌گیرد . صفحه آن از آنچه تصور می کردم کوچکتر است و بسادگی نمیتوان حاشیه های کتاب های الکترونیکی و PDF را کاهش داد بنابراین متنها را نمیتوان بزرگ کرد و تعویض صفحات به درستی انجام نمی شود در کل برای من که کتابهای الکترونیکی علمی می‌خوانم اصلأ کاربردی نیست . برای همین مرجوع کردم و و روزه پولم برگشت ممنون از دیجیکالا.,-1
31,علی البوغبیش,۹ شهریور ۱۴۰۰,خیلی از کتاب ها رو که گیر نمیان یا قیمت بالای دارند رو خیلی راحت میشه تهیه کرد ولی بیشتر کتاب های فیدیبوک رو میشه مطالعه کرد من هنوز کتابی رو دانلود نکردم که بخوام بریزم توی کتابخوان ولی نکته خیلی مهم این بود که چشم خودم و پسرم موقع استفاده اذیت میشد ولی همسرم که عینکی هستند اذیت نمیشدند,+1
32,۹ شهریور ۱۴۰۰,محبوبه آلمه,انتظار کتابخوان داشته باشی بر آورد میشه,+1
33,محبوبه آلمه,۷ شهریور ۱۴۰۰,تشکر از دیجی کالا,+1
34,۷ شهریور ۱۴۰۰,حمیدرضا حقیقت گو,درین رنج قیمت فوق العاده هستش و مخصوصا برای افراد کتابخوان به شدت توصیه میکنم. با این قیمت های کتاب هم بیشتر توجیه پذیر هست خریدش. درکل عالیه,+1
35,حمیدرضا حقیقت گو,۷ شهریور ۱۴۰۰,من حدود ۵۰ روزه خریدم و راضیم. تنها مشکل اینه که بعضی کتاب ها رو فیدیبو نداره و تو طاقچه هست. ولی دیگه طاقچه روی این دستگاه نصب نمی شه,-1
36,۷ شهریور ۱۴۰۰,حسین تمدن,در مجموع ازش ناامید نمیشید...,+1
37,حسین تمدن,۶ شهریور ۱۴۰۰,باورکردنی نیست که علاوه بر پشتیبانی نکردن از کتاب‌های صوتی، نمی‌تونیم فیدی‌پلاس هم روش داشته باشیم,-1
38,۶ شهریور ۱۴۰۰,محمدکاظم احمدگل,محصول عالی جهت خواندن کتاب بدون مزاحمت برای چشم خواننده، متاسفانه قیمت دستگاه خیلی بالا در نظر گرفته شده که مطمئنا کلی کتاب دوست رو نا امید می‌کنه,-1
39,محمدکاظم احمدگل,۴ شهریور ۱۴۰۰,بنظرم کتاب خوان عاشقش میشن بهترین کادویی که تاحالا گرفتم,+1
40,۴ شهریور ۱۴۰۰,مصطفی منصوری,پردازشش عالی بود کامنت های منفی دربارش زیاد خوندم توجه نکنید توقع یک کتاب رو داشته باشید نه توقع موبایل و تبلت قطعا اونها سرعت بیشتری دارند ولی خب کتابخوان باید توش فایل های پی ادف و کتاب خوند نه اینکه ۱۰۰ تا نرم افزار نصب کرد هر وسیله ای برای یکاریه,+1
41,مصطفی منصوری,۴ شهریور ۱۴۰۰,در کل بسیار خوب و بیش از حد انتظار من بود,+1
42,۴ شهریور ۱۴۰۰,Nasim Afsari,خیلی خوب و سبک,+1
43,Nasim Afsari,۴ شهریور ۱۴۰۰,توصیه می کنم,+1
44,۴ شهریور ۱۴۰۰,کاربر دیجی‌کالا,خیلی بده که آداپتور همراهش نیست. توی دفترچه ی راهنماش نوشته 1a=5V که آداپترهای موبایلی که من دارم بهش نمیخوره واقعا با این قیمت داشتن یه آداپتور مناسب لازم بود,-1
45,۳۰ مرداد ۱۴۰۰,مهرداد نیک سیر,دستگاه ایرادات فروانی دارد که آن را باید باقیمت کم برای مصرف دبستانیها پیشنهاد داد .,-1
46,مهرداد نیک سیر,۲۹ مرداد ۱۴۰۰,یه ماهه دارم استفاده میکنم و واقعا راضیم. قابلیت ریختن epub خیلی‌خوبه. دوستانی که میگن epub رو‌دیر باز میکنه، راه حلم‌رو در ویدئو گفتم خیلی خوب باز میکنه و همچنین قابلیت چراغ frontline کمک‌میکنه اگر نور محیط زیاد نبود، بتونین روشن کنین که کاملا مناسب محیط میشه.در‌نور‌زیاد لازم نیست ویدئو های مقایسه با کیندل هم در اینترنت هست ببینین,+1
47,۲۹ مرداد ۱۴۰۰,پدرام پربها,به اینترنت وایفا وصل نمیشود .نمایش صفحه بی کیفیت است کار کردن ساده نیست,-1
48,پدرام پربها,۲۹ مرداد ۱۴۰۰,من فکر نمیکردم آنقدر استفاده‌ راحت و راضی کننده باشه،. سرعت کارش هم بیش از انتظار من خوب بود باطریش کمتر از انتظاره، ولی یه همراه خوب در این دوران کرونا شده برا من، در این مدت حتی توصیه کردم برا خرید به دوستانم بهتر از این اونیکس هست که خوب از 14 میلیون شروع میشه,+1
49,۲۹ مرداد ۱۴۰۰,حشمت اله تیموری,بسیار عالی ممنون دیجی کالا,+1
50,حشمت اله تیموری,۲۷ مرداد ۱۴۰۰,بعد از چند هفته استفاده ممتد از این کتابخون به نظرم وسیله ارزشمندی میتونه باشه که برای افرادی با مطالعه زیاد صرف این هزینه قابل توجیه هست. فقط چند نکته بعضی از فایل های epub انگلیسی رو کلمات را به هم چسبیده نشون میداد که با تبدیل اون فایل به mobi مشکل حل شد. (با نرم افزار calibre) برای خوندن pdf بهترین پیشنهاد استفاده از نرم افزار k2pdfopt هست که یک نرم افزار رایگان هست. با استفاده از این نرم افزار یک صفحه تبدیل به صفحات بیشتر میشه و با رزولوشن فیدیبوک هماهنگ میشه. همچنین به ندرت از کتاب خارج میشه و پیغام فیدیبوک متوقف شده است را میدهد البته من در این سه هفته حدود 2 بار این پیغام را دیدم.,+1
51,۲۷ مرداد ۱۴۰۰,زهرا رجحان,استفاده ازش آسان هست وامکانات مناسبی داره. طراحی کتابخوان زیبا و کاربردی هست. باتشکر از دیجی کالا پیشنهاد میکنم برای دانشجویان و دانش آموزان متقاضی تخفیف مناسبی منظور بشود.,+1
52,زهرا رجحان,۲۶ مرداد ۱۴۰۰,من معتاد کتاب کاغذی بودم و نسبت به الکترونیکی شدن کتاب خیلی گارد داشتم اما طی این چند روز انقدر این کتابخوان جاشو تو دلم باز کرده که دوست دارم به هر خوره‌ی کتابی پیشنهادش بدم . متون PDF ی که همیشه خوندنشون برام عذاب آور بود حالا برام جذاب شدن و ساعت مطالعه‌م بالاتر هم رفته. پاسخ درست به وقت های اضافه‌ای که بیرون از خونه بودم و با خودم میگفتم کاش یک کتاب با خودم اورده بودم همین دیوایس سبک و جمع وجور بود با این تفاوت که جای یک کتاب میتونم یک کتابخونه همراهم داشته باشم. خوندن کتاب انگلیسی هم واقعا لذتبخشه توش دیکشنری ادونس اکسفورد روش نصبه و با کلیک روی هر واژه هم به انگلیسی ترجمه میکنه و هم فارسی. ضمن اینکه به راحتی میتونید PDF های انگلیسی رو با کمک سایت های تبدیل به فرمت epub تبدیل کنین که کاملا با ابعاد کتابخوانتون جفت وجور بشه. اپلیکیشن فیدیبوک هم که خودش کلی کتاب و مجله داره و کتابهایی که با موبایل گرفته بودم و بخاطر اذیت شدن چشمم داشتن خاک میخورد حالا خیلی راحت فرصت خوندنشون رو دارم. از مجلات خوب موجود رو فیدیبوک با قیمت های مناسب هم غافل نشید . قابلیت بزرگ کردن فونت هم بنظرم برای کسایی که فونت ریز اذیت میشن و مطالعه براشون سختتره عالیه . کند بودنش هم بخاطر همین قابلیت e ink هست که چشم رو اذیت نمیکنه. من خودم تصور میکردم خیلی کند باشه ولی از تصورم خیلی بهتره . یکجورایی بنظرم با حس نوستالژی و نفس قدیمی بودن کتاب هم هماهنگ تره و قشنگش کرده. مزیت دیگه این کتابخوان نسبت به موبایل و تبلت اینه که هزار جور پیام نمیاد و حواس ادم به چک کردن اپ های دیگه پرت نمیشه. توجه داشته باشید که روشن بودن وای فای باتریش رو زود خالی میکنه اگرنه باتریش فوقالعادست. دکمه های فیزیکی روش هم خیلی پرکاربردن . خلاصه که اگه کتاب زیاد میخونید تو خریدش یک لحظه شک نکنین. واقعا مطالعه باهاش لذت بخشه.,+1
53,۲۶ مرداد ۱۴۰۰,مهدی ماندگار,متاسفانه سرعت این کتاب خکان نسبت به برند های دیگه پایینه و فرمت pdf زو به خوبی اجرا نمیکنه و هنگ میکنه ولی دز کل اگه میخواین هزینه زیادی ندین به نظر من این مورد مناسبیه برای خرید,-1
54,مهدی ماندگار,۲۳ مرداد ۱۴۰۰,عالی و قیمت نسبتا خوب,+1
55,۲۳ مرداد ۱۴۰۰,کاربر دیجی‌کالا,من هم مثل خیلی از دوستان دیگه خیلی روی کتاب کاغذی تعصب داشتم و نظرم این بود که موقع مطالعه باید کاغذ رو لمس کنم تا کتاب رو حس کنم! کتاب خوندن تو کتابخوان با موبایل خیلی متفاوته. میتونم با اطمینان بگم که کتاب کاغذی فرق چندانی با کتابخوان ها نداره. خوبی های زیادی داره و بدون اشکال هم نیست و با هر آپدیت عملکردش بهتر میشه قیمت مناسبی داره برای کسایی که زیاد کتاب میخرن و میخونن. اولا قیمت کتاب ها ارزونتر از کتاب کاغذیه و اینکه معمولا همین قیمت هم کلی تخفیف میتونه روش اعمال بشه. سرعتشم نسبتا خوبه من بعد پنج ماه استفاده ازش راضیم.,+1
56,کاربر دیجی‌کالا,۲۴ مرداد ۱۴۰۰,اشکالات کلی داره,-1
57,۲۴ مرداد ۱۴۰۰,بهمن نمازی,خوبه راضیم.,+1
58,بهمن نمازی,۲۳ مرداد ۱۴۰۰,خیلی خوبه فقط کاش کاور هم براش میساختن که بشه به عنوان ابزار جانبی خرید، اگر سیستم عاملش اندرویید بود و میشد بقیه کتابخوان ها هم مثل طاقچه نصب کرد خیلی خوب میشد.,-1
59,۲۳ مرداد ۱۴۰۰,کاربر دیجی‌کالا,عالیه منتهی کوچیکه یکم اما ارزششو داره واقعا کتاب خیلی گرون شده من این رو برای کسی کادو گرفتم چون می دونستم خیلی دوسش داره ولی بهش می گفتم هیچی جای کتاب خوندن واقعی تو دست رو نمی گیره ولی وقتی رفتم کتاب فروشی و دوتا کتاب گرفتم و شدن صدوهجده هزارتومان خداروشکر کردم که اینو خریدم.چشم هارو هم اصلا اذیت نمیکنه انگار واقعا کتاب می خونی رفتن از صفحه ای به صفحه دیگه هم خیلی راحته.,+1
60,۱۶ مرداد ۱۴۰۰,حسین پیرعلی,خیلی خوشم اومد ازش اصلا چشمو خسته نمیکنه خیلی خوبه مرسی از فیدیبوک و دیجی کالا لطفا کاور یا کیس محافظتی براش بیارید,+1
61,حسین پیرعلی,۱۳ مرداد ۱۴۰۰,به هنگام آپدیت نرم‌افزارش (Firmware)، گویا باگ دارد. بعد دنلود به‌روزرسانی و نصب آن و راه‌اندازی دوباره، مدام پیغام نصب آپدیت ظاهر می‌‌شود. البته، فایل آپدیت از حافظه پاک شود، ایراد رفع می‌شود، اما با اتصال به نت، دوباره پیغام به‌روز‌رسانی و دنلود آن برمی‌گردد و همان ایراد تکرار می‌شود. شاید هم عمومی نباشد و دستگاه من مشکلی پیدا کرده.,-1
62,۱۳ مرداد ۱۴۰۰,امير حمزه‌لو,اول برادرم تهیه کرد و به فاصله ی یک روز من خریدمش. خیلی دوسش دارم. خیلی زیاد. اثر انگشت درسته روی قاب میمونه اما خب پاک میشه و در برابر خوبی هایی که داره اصلا مهم نیست. واقعا خرید خوبی بود. قیمتش گرونه اما برای کسایی که مثل من هزار و یک کتاب دارن و نمیتونن با خودشون جا به جا کنین لازم بود. بسیار هم سبک و خوش دسته,+1
63,امير حمزه‌لو,۱۳ مرداد ۱۴۰۰,اول بگم کتابخوان با تبلت خیلی فرق داره شما با داشتن کتابخوان میتونید صدها کتاب رو‌همیشه همراه داشته باشید نور و طراحی صفحه به کتاب شبیه هست و سبکی کتابخوان باعث‌حس‌مطالعه بیشتر میشه درحالی که تبلت و موبایل در مدت طولانی برای کتاب خواندن مناسب نیست,+1
64,۱۳ مرداد ۱۴۰۰,بهار توکلیان,این دستگاه رو به تمام افرادی که کتاب زیاد میخونن در گوشی (یا در کل)‌ پیشنهاد میدم٬ چند نکته رو ذکر میکنم شاید فایده ای داشته باشه: - با اینکه گفته بودن 16G ساپورت میکنه من SD کارت ۳۲ گیگ انداختم بدون مشکل کار کرد. فقط چون مک دارم نتونستم بزنم با USB به کامپیوتر اونطوری فایل ها رو انتقال بدم. - اگر دیدید داره زیادی باتری خالی میکنه همونطور که در کتابچه ی راهنمای همراهش گفته wifi رو خاموش کنید٬ و همچنین نور پس زمینه میتونه زیادی مصرف رو بالا ببره که خوب طبیعیه. من دوست ندارم نور اضافی مگر شب پس مشکلی ندارم. - این دستگاه کار باهاش نمیکنید خاموشش کنید که بازم باتری بیشتر بمونه٬ من از خودم نمیگم اینو اصلا تنظیم پیشفرضش بعد ۱۲۰ دقیقه خودش دستگاه رو خاموش میکنه٬ چون برای من هم تازگی داشت اینجا برای شما هم نوشتم شاید ۲ روز جلو بیوفتید. - هنگام خواندن کتاب ها با حروف لاتین به صورت خودکار دکمه های تغییر صفحه برعکس کار میکنن که خیلی خوشحال شدم چون تنظیماتی هم داره که کدوم دکمه صفحه رو عقب و کدوم جلو میبره٬ اگر قرار بود هردفعه بین کتاب های فارسی و انگلیسی سویچ میکردم تغییر بدم کار سخت میشد. در نقاط ضعف نوشتم مشکل PDF رو و میخوام اینجا اضافه کنم ممکنه در آپدیت ها این مشکل حل بشه. دوست دارم چند پیشنهاد هم بدم٬ اصلا فکر نمیکنم دوستان کدنویس فیدیبو این نظرات رو بشینن بخونن ولی اگر تنظیماتی برای اضافه کردن تصاویر stand-by و حالت خاموش میگذاشید واقعا خوشحال میشدم کمی شخصی سازی کنم. الان خواهرم هم خوشش اومده داره میره بخره٬ قشنگ نبود بتونم مال خودم رو در صورتی که پای یک میز نشستیم تشخیص بدم؟ دوستان٬ باید در نظر داشته باشید این دستگاه نه گوشی همراهه٬ نه تبلت٬ توقع عجیب اگر دارید نخرید٬ اگر صرفا کتاب میخونید مثل من دوستش خواهید داشت و از خریدتون راضی خواهید بود. درضمن به نظر میاد تیم پشتیبانی دارن روی مشکلات نرم افزاری کار میکنن چند تا آپدیت بود که تا روشن کردم انجامشون دادم.,+1
65,بهار توکلیان,۹ مرداد ۱۴۰۰,کتاب بافرمت epub رو فوق العاده نشون میده و واقعا مطالعه رو لذت بخش میکنه,+1
66,۹ مرداد ۱۴۰۰,الهه جوکار,بهترییییییین هدیه,+1
67,الهه جوکار,۸ مرداد ۱۴۰۰,تقریبا تمام نظراتم رو در ویدیو ارائه کردم. کافیه ویدیو رو ببینید. سعی کردم از مراحل کار با فیدیبوک هم فیلم بذارم تا کسانی که میخوان خرید کنن بدونن به چه شکل هست. من فکر میکردم میتونم تو تاریکی باهاش مطالعه کنم. اما متوجه شدم که فناوری جوهر الکترونیک اصلا نوری نداره و مثل کاغذی. برای این کار میشه نور صفحه رو زیاد کرد که انگار نور میندازه روی صفحه. ولی یکم چشم رو اذیت میکنه تو این حالت.,+1
68,۸ مرداد ۱۴۰۰,علی توکلیان,والا این که یه کتابخوان فارسی ساخته شده خودش به هر حال خسته نباشید داره به تیم سازنده. ولی همون‌طور که نقاط ضعفش رو نوشتم سرتاسر ایراده. به قول بیهقی در همه کارها ناتمامی. در جواب دوستانی که نوشتن نباید با تبلت و موبایل مقایسه کرد، من این کتابخوانو با کیندل نسل هفت و حتا اولین کتابخوان سونی که توی ایران وارد شد (حدود ۱۲ سال پیش خریدم) مقایسه کردم. تفاوت مثل تفاوت دوچرخه با بنز آخرین مدله. سرتاسر ضعفه این فیدیبوک.,-1
69,علی توکلیان,۸ مرداد ۱۴۰۰,با کیفیت و خوش ساخته اما ضروری نیست,-1
70,۸ مرداد ۱۴۰۰,نگار محمدی,من اولین کتابخوانم هست و راضی‌ام ازش شارژش خوب میره توی روز و شب راحت میشه ازش استفاده کرد,+1
71,نگار محمدی,۸ مرداد ۱۴۰۰,قیمت بالای آن که میتوان با این قیمت یک. تبلت با دو برابر امکانات و. کیفیت بالاتر گرفت به نظرم این یک. محصول ایرانی هست و باید قیمت اون هم. ایرانی باشه واقعا عجیب بود برای من قیمت این دستگاه و حداقل قیمت این دستگاه باید بین یک میلیون تا یک میلیون و دویست هزار تومن باشه و. مشکلات نرم افزاری داره که به نظرم شرکت فیدیبو اگر. میخواهد لذت کتاب خوندن رو به مردم بده باید همگام با استاندارد جهانی و رقیب های خارجی خودش پیش بره و حتی بهتر از اون ها نه اینکه بگه خب این یک. محصول ایرانی هست باید کیفیتش کمتر باشه,-1
72,۸ مرداد ۱۴۰۰,فرزانه دالامی,دستگاه رو تیر ماه خرید کردم، ولی کارت گارانتی اش روش نوشته بود تا آخر ماه قبل گارانتی داشته یعنی عملا گارانتی نداشت کارت همراهش که اعتبار فیدیبوک هست (200 هزار تومن) هم تا اخر سال 1400 اعتبار داره در مجموع در بازار ایران بد نیست، ولی اگه بشه کیندل رو به قیمت واقعی خرید فکر میکنم بیشتر بیارزه...,-1
73,فرزانه دالامی,۷ مرداد ۱۴۰۰,کلمات را به هم می چسباند. باز کردن ی فایل حدود ۲ دقیقه طول میکشد. رفتن به صفحه بعد و قبل را اگر سریع بزنیم هنگ میکند ولی با سرعت معمولی و چنانچه صفحه بعد در همان فصل باشد اوکی. رفتن به فصل بعد ۲ دقیقه طول میکشد.,-1
74,۷ مرداد ۱۴۰۰,امین رحمان زاده,اصلا انتظار دستگاهی به این خوبی رو نداشتم. واقعا راضیم از خریدم. فقط ای کاش فیدیبو یا با نرم افزار های کتاب دیگه هم همکاری میکرد یا اینکه خودش کتاب های بیشتری اضافه میکرد. بیشتر کتاب ها شدن کتاب های انگیزشی و ... و کاش کمی قیمت کتاب ها رو منصفانه تر قرار بدهند. مطمینن کتابی مثل شیاطین که قیمت نسخه چاپیش ۲۰۰ تومنه، قیمت الکترونیکش ۱۳۲ تومن نباید باشه... بازم ممنونم از بودن این کتابخوان,+1
75,۲۷ تیر ۱۴۰۰,مهدی حیدرنژاد,من زیاد تحقیق کردم برای خریدش و در این قیمت تنها گزینه برای کتابخوان فارسی بود.ولی اصلا انتظار نداشتم اینقدر خوب باشه.همچی رو در نقاط قوت و ضعف نوشتم. درمورد اینکه بعضی دوستان گفتن کاش میشد ایمیل رو تو خودش با نرم افزار جیمیل چک کرد نه از سایت جیمیل.باید بگم که میشه! کافیه برید تو مرورگر و روی یه لینک نگه دارید و بعد گزینه اشتراک گذاری رو بزنید.و نرم افزار جیمیل باز میشه!بعد وارد ایمیلتون بشید.از این به بعد هروقت اشتراک گذاری رو بزنید و بعد بالا رو گزینه نگاشتن بزنید میره تو صفحه اصلی نرم افزار جیمیل.من خیلی از نرم افزار جیمیلش استفاده میکنم و جیمیلم رو چک میکنم.امیدوارم مشکل نرم افزار جیمیل رفع بشه تو آپدیت بعدی تا راحت تر ازش استفاده کنیم. پیشنهاد میکنم اول برید به آرشیو فیدیبو سر بزنید.اگه راضیتون کرد اقدام کنید برای خرید.چون خوندن pdf توی کتابخوان ها زیاد مناسب نیست.البته خود کتابخوان یه گزینه داره که حواشی pdf رو میگیره تا نوشته ها بزرگ تر بشن.و اگه یک متن رو در قالب word دارید پیشنهاد میدم فونتش رو بزرگ کنید.مثلا ۳۰.بعد حواشی رو توی تنظیمات خود word کم کنید تا حاشیه زیاد از بین بره.بعد به pdf ذخیره کنید بریزید تو فیدیبوک و از خوندنش لذت ببرید.اینم یه روش برای مطالعه راحت تر این نوع فایل ها.اما اگه به فایل به متن pdf دسترسی ندارید تا توی word ادیتش کنید همونطور که بالاتر گفتم یکم کار سخت میشه.خوندن این نوع pdf ها غیر ممکن نیست.اما شاید یکم سخت باشه. عکس آپلود میکنم ببینید.,+1
76,مهدی حیدرنژاد,۲۷ تیر ۱۴۰۰,اگر اهل کتاب خوندن هستین حتما بگیرین.سرعتش یکم کنده که اغلب کتابخوان ها همین طورن .یکم پی دی اف انگلیسی خوندن باهاش سخته که با زوم کردن بهتر میشه.,+1
77,۲۷ تیر ۱۴۰۰,ن کلانتری,من فکر نمیکردم انقد خوب باشه ولی واقعا پیشنهادش میکنم به همه,+1
78,ن کلانتری,۲۶ تیر ۱۴۰۰,سلام بسیار عالی بود فقط اگه کیف یا کاور هم برایش تعبیه بشه خیلی بهتر میشه,+1
79,۲۶ تیر ۱۴۰۰,سوگند جباری,هم فیدیبوک رو استفاده کردم هم کیندل نسل ۱۰ و ب نظرم جفتشون فوق العاده ن ، فیدیبوک قیمت کمتر داره درسته ولی خب انگار صفحه نمایش خشکه و مثل کیندل جالب نیست ولی دکمه های بغلش خیلی خوبه و مخصوصا دکمه بازگشت ، در مورد کندی و هنگ کردن هم که ممکنه بعضیا رو ب شک بندازه من هنگ ندیدم ، کندی فیدیبوک در اجرای فایل ه ک تقریبا میشه گفت دو ثانیه دیرتر باز میشه اما جا ب جایی بین صفحات فیدیبوک سریع تره ، هنگ کردن فیدیبوک رو ندیدم احتمالا ب خاطر آپدیت جدیده ، و این که فیدیبوک با آپدیت نرم افزار می‌تونه امکان هایلایت برای جزوات pdf هم بذاره و نرم افزار آدوب ریدر رو عوض کنه به گوگل درایو ریدر که سرچش درسته ، در کل فیدیبوک با آپدیت نرم افزاری بهتره و می صرفه,+1
80,سوگند جباری,۲۴ تیر ۱۴۰۰,کار راه اندازه اما چون ایرانیه ترجیح میدادم قیمتش هم ایرانیزه شده باشه و کمتر باشه. آپدیت کردم یکم بهتر شد ولی همچنان سرعتش اذیت کننده است البته تا زمانی که دنبال فایلتون میگردید بعد از این که بازش میکنید دیگه سرعت و اف پی اس کم بی اهمیت میشه,-1
81,۲۴ تیر ۱۴۰۰,ابوذر حیدری,با مقایسه نقاط قوت و ضعف، کیفیت کلی آن خوب و قابل قبول است.,+1
82,ابوذر حیدری,۲۲ تیر ۱۴۰۰,من راضی م .خیلی راحت کتاب هام رو از لبتاپ ریختم توش و باز کردش هدیه ش هم کار کرد. خیلی وقت ه دارم دنبال کتابخوان میگردم مدل های شرکت آمازون رو هم باهاش مقایسه کردم و به جز باطری می تونم بگم خیلی فرقی نمی کنه شاید اونا سریع تر باشن ولی با اون قیمت نمی ارزن ادم بخواد بخره,+1
83,۲۲ تیر ۱۴۰۰,کاربر دیجی‌کالا,خیلی وزنش خوبه کیفیت صفحه قابل قبوله باتری هم خوبه,+1
84,کاربر دیجی‌کالا,۲۰ تیر ۱۴۰۰,خیلی بهتر از اونی که فکر می کردم هستش مخصوصا دیکشنریش من برای مطالعه کتابای کنکورم خریدمش,+1
85,۲۰ تیر ۱۴۰۰,سعید معصومی,من کاملاً از خریدم راضی هستم و هنگامی که نظرات کاربرها را مطالعه می‌کردم بسیار دو دل شده بود اما نهایتاً تصمیم گرفتم خودم کالا را امتحان کنم و باید بگم گلگی‌ها از سرعت نمایش اشتباه هست و کتاب‌خواب در این مورد حتی در EPUBهای ۳هزار صفحه‌ای هم توانا بود، گرچه اگر شما یک‌باره بخواهید از ابتدا به انتها بپرید دستگاه یا با تاخیر این کار را می‌کند یا متوقف می‌شود و از برنامه بیرون می‌آید. تقریباً 2 ماه هست که از کتاب‌خوان استفاده می‌کنم و بزرگ‌ترین مشکل آن در نمایش PDF است چون میبایست به خاطر اندازه نمایشگر در صفحه زوم کنم و مرور به گوشه و کنار صفحه تجربه‌ی جالبی نبود حتی اگر کتاب‌خوان را به صورت افقی نگه بدارید. در پایان نیاز مطالعه کتاب‌های EPUB من را برطرف کرد و امیدوارم در آینده هم نرم‌افزار آن همواره ارتقاء یابد و شاهد نسل جدیدی از کتاب‌خوان فیدیبوک با آرشیو کتاب‌های بیشتر با همکاری فروشگاه‌های کتاب دیگر باشیم، چون در حال حاضر اکثر کتاب‌های موجود در فروشگاه اصلاً جذاب نیستند (سرشار از کتاب‌های زرد انگیزشی). تصویر: کتاب «این آقا کی باشند؟» نوشته‌ی محمود کیانوش,+1
86,سعید معصومی,۱۹ تیر ۱۴۰۰,خب بعد از سه ماه استفاده می‌خوام از فیدیبوک بگم خب تنها کتابخوانیه که می‌تونید ازش تو این قیمت استفاده کنید ولی همین قیمت متوسطش باعث شده کیفیت ساخت خوبی نداشته باشه و قاب دورش به تق تق می‌افته. نمی‌شه برنامه‌های دیگه رو ریخت فقط فیدیبو و پی‌دی‌اف. تاچش به نسبت خوبه رمش هم جوابگوی خودش هست ولی به خاطر E-ink ریفرش شدنش با تاخیره که خب طبیعیه به لحاظ نرم‌افزاری قوی نیست و باید باهاش مدارا کنید نکته مهمش اینه که دیجی به شما آدابتور شارژر نمی‌ده و برای پیدا کردن یه آدابتور که باتری رو خراب نکنه به مشکل می‌خورید واقعا موجب تاسفه بعد چند سال هنوز یه شارژر نذاشتن براش. در کل اگه می‌تونید بیشتر هزینه کنید برید سراغ کیندل و غیره وگرنه با قیمت پایین مناسبه,-1
87,۱۹ تیر ۱۴۰۰,شهرزاد شریعت پناهی,من این کالا رو مرجوع کردم و از تیم دیجی کالا بخاطرِ نظم و اهمیت به نظر مشتری بسیار ممنونم و بخاطرِ این لطف دیجی کالا در پذیرش مرجوعی خرید از دیجی کالا رو به همه دوستانم توصیه می کنم,-1
88,شهرزاد شریعت پناهی,۱۷ تیر ۱۴۰۰,جدیدا خریداری کردم، سبک و راحت و مناسب برای مطالعه اما به نسبت گران. در کامنت ها دیدم که قبلا قیمتش نصف این بوده. اما قیمت جدید یعنی یک میلیون و هفتصد به نظر من برای این کالا زیاد است. در مجموع رضایت بخش است.,+1
89,۱۷ تیر ۱۴۰۰,سحر توسلی,نسبت با قیمتش عالیه چشم اصلا اذیت نمیشه و شبا رفیق منه تا صبح,+1
90,۱ تیر ۱۴۰۰,امیر محمد فلاح,لطفا کاور و گلس هم براش بزارید . چون دائم با خودت همه جا می بری خیلی لازمه.,-1
91,امیر محمد فلاح,۱ تیر ۱۴۰۰,این نظرات من با توجه به اینکه از کتاب خوان اونیکس 6 اینچ چند ساله دارم استفاده می کنم است این کتاب خوان رو چند روزه گرفتم و موارد زیر رو مشاهده کردم شاید برای دوستان کتاب خوانم که قصد خرید دارند مفید باشه. فایل های پی دی اف را که درشت میکنیم برای اینکه قسمت پایین که خارج از کادر قرار می گیرد را بخوانیم باید با انگشت صفحه را جا به جا کنیم که هم تنظیم آن زمان بر است و هم ممکن است خط را گم کنیم. وقتی دکمه کناری را میزنیم کلا به صفحه بعدی می رود در اونیکس حاشیه های پی دی اف را حذف می کند تا نوشته ها درشت تر شوند ولی در این کتابخوان این امکان را ندارد و بایستی دستی انجام شود در اونیکس کتاب هایی پی دی اف که دو صفحه را با هم اسکن کرده اند یا مثل ستون های روزنامه را میتوان تعریف کرد که تکه تکه و به ترتیب نوشته نمایش دهد. ولی این امکان در این کتاب خوان نیست و بایستی با انگشت جا به جا کرد همان کاری که توی کامپیوتر برای مطالعه این گونه فایلها می کنیمِ در مدیریت فایل هم نتونستم شاخه درست کنم و فایل هامو مرتب در شاخه های جدا از هم نگه دارم تا دسترسی به کتاب هام که زیاد هم هست راحت باشه .شاید با وصل کردن به کامپیتر بتونم. هنوز آزمایش نکردم امیدوارم تو آپدیت های بعدی امکاناتش بهتر بشه اخه این مواردی که گفتم نرم افزاری قابل رفع است و کتاب خوان رو به یه کتاب خوان ایده ال تبدیل می کنه. برای کتابخوان کاور پیدا نکردم کاشکی مشخص بود چه کاوری بهش میخوره تا بتونم تهیه کنم. دوستان اگه مدلی پیدا کردند که بهش بخوره اطلاع بدند لطفا ضمنا کتاب خوان انحصاری فیدیبو است البته با توجه به اینکه میشه باهاش پی دی اف خواند شاید زیاد مهم نباشه کتاب خوان برای کسایی که اهل مطالعه هستند بسیار واجبه. خواندن با موبایل وکامپیوتر صدمه زدن به چشم های نازنینمونه این کتاب خوان حتی با توجه به اینکه کمبود هایی نسبت به نمونه خارجی داره باز هم از نظر من قابل قبوله. امیدوارم از نظر کیفیت و کارایی خوب باشه من از خریدم راضی هستم هر چند با کتاب خوان اونیکس به همین سایز استفاده می کنم. امید وارم مطالب بالا مفید باشه,-1
92,۱ تیر ۱۴۰۰,کاربر دیجی‌کالا,خوبه ولی قیمت بالاست Pdfرو خوب نمیخونه مخصوصا اگه قونت های اون ریز باشه,-1
93,کاربر دیجی‌کالا,۶ تیر ۱۴۰۰,اصلا فکر نمیکردم یه محصول ایرانی همچین کیفیتی داشته باشه,+1
94,۶ تیر ۱۴۰۰,کاربر دیجی‌کالا,خیلی زیبا جمع وجور و مفیده ، اگه فرمت صوتی پشتیبانی میکرد عالی میشد ، دوستان گفته بودن براش کیف پیدا نمیشه ولی من میگم به افرادی که کار چرم میکنند میتونین بسپارید براتون سفارشی اینکارو بکنند.,+1
95,کاربر دیجی‌کالا,۲۱ مهر ۱۴۰۰,اول اینکه محصول فوق العاده اییه. همسر من کیندل داره و در مقایسه با اون باید بگم که کیندل فقط نسخه Mobi و PDF رو ساپورت میکنه ولی فیدیبوک همه فرمت ها رو نشون میده. توی کیندل نسخه فارسی کتاب نمایش داده نمیشه ولی فیدیبوک داره. گرچه نقاط ضعفی هم داره. نسبت به کیندل کندتره. شفافیت صفحه کیندل رو نداره. ولی بدتر از همشون اینه که روی فیدیبوک، سیستم جدید اپلیکیشن فیدیبو، یعنی فیدیبو پلاس نشون داده نمیشه که متاسفانه خیلی توی ذوقم خورد. امیدوارم که توی بروز رسانی های بعدی این مشکل حل بشه.,+1
96,۲۱ مهر ۱۴۰۰,کاربر دیجی‌کالا,راستش رو بخوام بگم انتظار نداشتم محصول خوبی به دستم برسه؛ در حدی که حتی یک روز پیش از تحویل گرفتنش، رفتم یک نگاهی انداختم به قوانین مرجوع کردن کالا و آماده بودم که محصول خرابی که به دستم می‌رسه رو همون روز برگردونم! خوشبختانه اما چنین نشد و از خریدم راضی بودم. نخست این رو ذکر کنم که این دستگاه یک تبلت نیست و قرار هم نیست جایگزین گوشی یا تبلت شما بشه. پس اون رو با هدف وب‌گردی، نصب اپلیکیشن‌های مختلف، آهنگ گوش دادن و... نخرید. علاوه بر این که سیستم‌عاملش به طور خاص سفارشی‌سازی شده برای همین دستگاه و امکانات معمولی اندروید در اختیار شما نیست، صفحه‌اش refresh rate بسیار پایینی داره که برای چنین دستگاهی هم کاملاً طبیعیه. این یک دستگاه کتاب‌خوان هست و فقط هم برای یک کار طراحی شده: کتاب‌خوانی. اگر هر انتظار دیگری ازش دارید، محصول اشتباهی رو انتخاب کردید. دستگاه بسیار خوش‌دست هست و همچنین بسیار سبک (حتی سبک‌تر از یک اسمارت‌فون). تراکم پیکسلی قابل قبولی داره. صفحه‌اش مات هست و نور کمی رو بازتاب می‌کنه. بنابراین با مطالعه زیر نور خورشید یا لامپ مشکلی نخواهید داشت (البته توجه داشته باشید که در هر صورت صفحه‌ی دستگاه از پلاستیک هست و اندکی بازتاب داره؛ اما نه زیاد). بزرگ‌ترین اشکالش اینه که شما محدود هستید به پلتفرم فیدیبو، به علاوه‌ی کتاب‌ها یا کلاً فایل‌هایی که خودتون به صورت آزاد (بدون DRM) با یکی از فرمت‌های پشتیبانی شده در اختیار دارید. بنابراین نمی‌تونید کتاب‌هایی که روی پلتفرم‌های دیگری مثل طاقچه، کتابراه، آمازون، گوگل یا... خریداری کردید رو روی فیدیبوک بخونید (مگر این که به شکلی موفق بشید قفلشون رو بشکنید و از سد مسخره‌ی DRM گذر کنید). نکته‌ی ۱: برخی از دوستان گفته بودن که گاهی اثر نوشته‌ها روی صفحه باقی می‌مونه. برای رفع این مشکل، هر چند صفحه یک بار، صفحه‌ی دستگاه برای لحظه‌ی بسیار کوتاهی مشکی می‌شه تا آثار رو به طور کامل از بین ببره. از این بابت جای نگرانی نیست. دوست دیگری هم گفته بود با PDFهای بالای ۵ مگابایت مشکل داره. بنده چنین مشکلی ندیدم و یک فایل ۱۷ مگابایتی رو هم تونست باز کنه. البته مشاهده‌ی من محدود بوده و جا داره فایل‌های دیگری (مثلاً شامل عکس‌های بسیار و یا دارای حجم‌هایی بالاتر) رو تست کرد و دید آستانه‌ی تحمل دستگاه تا کجاست. نکته‌ی ۲: زمانی که به دستتون می‌رسه ممکنه مشکلاتی نرم‌افزاری داشته باشه. مثلاً برای من مرورگر وب باز نمی‌شد. حتماً پیش از استفاده، اون رو آپدیت کنید. پس از آپدیت دیگه به مشکل نرم‌افزاری خاصی بر نخوردم.,+1
97,کاربر دیجی‌کالا,۲۲ تیر ۱۴۰۰,برای مطالعه کتاب الکترونیکی خوب است اما اگر رنگی باشد بهتر می شد.,-1
98,۲۲ تیر ۱۴۰۰,زهرا انصاری,اصلا چشم رو اذیت نمیکنه حتی اگه در تاریکی باهاش کتاب بخونید.باتریش حدودا ۱۰ روز کار داد البته من زیاد ازش استفاده میکنم.فقط شارژر نداره فقط کابل داره که من خودم قسمت سر شارژر رو جدا ده تومن خریدم,+1
99,زهرا انصاری,۲۴ خرداد ۱۴۰۰,خیلی دو دل بودم بخرم یا نه که بالاخره دلو به دریا زدم و خریدم. همه چیش عالیه. تنها نقطه ضعف از نظر من نبود حالت dark mode برای فایلهای mobi هست که خودم روش ریختم. عملا شبا نمیشه باهاش کتاب بخونی. من بیشتر رمان انگلیسی میخونم و اکثر کتابهایی که دارم با فرمت epub هست. حالت Dark Mode برای این فایلها فعاله اما فونت 3 مدل بیشتر نداره. در حالی که شما همون کتاب رو با فرمت Mobi بریزید و باز کنید می بینید که چندین فونت مختلف داره. امیدوارم در بروزرسانیهای بعدی این مورد رو رفع کنن. با تشکر از فیدیبو ودیجیکالا,+1
100,۲۴ خرداد ۱۴۰۰,سیدعلی عصاران,سلام من برای خوندن جزوات دانشگاه و کتابهای زبان اصلی این دستگاهو خریدم.و تا الان خیلی عالی بوده و واقعن ازش راضیم قیمتش با توجه نقاط قوتش می ارزه,+1
101,سیدعلی عصاران,۲۴ خرداد ۱۴۰۰,یکروز جلوتر به دستم رسید، ممنون از دیجی کالا تمام متون فارسی، انگلیسی و فرانسه را به راحتی نمایش میده. اعتبار هدیه به راحتی انتقال یافت. فرمت epub دارای حجم بسیار کم هستش و نبود کارت حافظه جانبی چندان ضروری نیست.,+1
102,۲۴ خرداد ۱۴۰۰,پویان جابری,من شخصاً یک مشکلی باهاش دارم و به غیر از اون کاملاً راضی‌ام. در هایلایت کردن متن یک مقداری اذیت می‌کنه و دقیق عمل نمی‌کنه، بیشتر و کمتر از متن مورد نظر رو می‌گیره و چند بار باید اقدام کنم تا بالاخره همون جملاتی که می‌خوام رو هایلایت کنه.,-1
103,پویان جابری,۲۲ خرداد ۱۴۰۰,برای کسانیکه که علاقه دارن به مطالعه زیاد بسیار مفیده اوناییکه مثل من چشماشون ضعیفه و نمیخوان با تبلت مطالعه کنن فوق العادس من یه چند وقتی با تبلت مطالعه کردم و چشمام نیم نمره هر کدوم ضعیفتر شد ولی در ارتباط با بحث کارت هدیه اول که ثبت کردم پیام داد که قبلا این کارت استفاده شده و گارانتیش هم یکسال مونده بود شش ماهش گذشته بود اما بعد از اینکه با خدمات پس از فروش دیجیکالا تماس گرفتم جناب آقای شعبانی عزیز فرمودن که مشکلی نیست و کالا رو مرجوع کنید اما بعد از اینکه اکانت فیدیبوم رو همگام سازی کردم حسابم شارژ شده بود و من هم درخواست مرجوعیم رو لغو کردم اینو در جواب اون دوستمون مینویسم که گفت کارت هدیه استفاده شده و پاسخگو نبودن ممنونم از دیجیکالا و عذرخواهی میکنم از آقای شعبانی عزیز بابت اشتباهم و همچنین از ایشون تشکر میکنم ممنون از همه دیجیکالایی های زحمتکش,+1
105,۱۶ خرداد ۱۴۰۰,غزل آزادی چگنی,خوشحالم که بالاخره دل به دریا زدم و فیدیبوک رو خریدم. الان چند روزه که مدام باهاش کتاب میخونم و واقعا راضیم. مشکلی با فایل های pdf نداشتم، همینطور خاموش شدن یا باقی موندن نوشته های صفحه قبل واسه من اتفاق نیفتاد. یه اثر محو از صفحه قبل هست که شبیه کتابه، یعنی همون قدر پیداست، نه بیشتر.,+1
106,غزل آزادی چگنی,۱۳ خرداد ۱۴۰۰,خیلی مردد بودم که بخرم یا نه. ولی بلخره دلو زدم ب دریا و خریدم. یه کوچولو سرعتش کمه ولی الکترونیک اینک کلا تکنولوژی ایه که مدلش همینجوریه که سرعتش یه کم پایینه. فک میکردم پی دی اف انگلیسی خودم بریزم روش چون صفحه کوچیکه زوم نداره و نمیشه خوند. ولی حالت خواندن توی تنظیمات داره که خودش هر یه صفحه رو دو قسمت میکنه. فونت نوشته ها رو هم میشه توی همون تنظیمات بزرگتر کرد تا هر اندازه دلتون بخواد. زوم هم داره ولی بهتره از تنظیمات بزرگترش کنید چون اینجوری کیفیتش بهتر میشه ولی با زوم انگار یه کم کمرنگ میشن نوشته ها. در کل خیلی راضیم و واقعا بدون کتابخوان خیلی سخته پی دی اف خوندن.,+1
107,۱۳ خرداد ۱۴۰۰,کاربر دیجی‌کالا,قیمتش نسبت به عملکردش بالاست ولی چون گزینه های مشابه کمی داره بد نیست وقتی صفحه بدون متن باشه رد نوشته های صفحه قبلی پیداست ولی وقتی صفحه متن دار باشه ، صفحه قبلی خیلی پیدا نیست,-1
109,۱۰ خرداد ۱۴۰۰,کاربر دیجی‌کالا,واقعا عالیه اصلا چشم‌رو اذیت نمیکنه ولی مثل کتاب نیست بسیار لذت بخش و خوش دست هستش ، یه دوسته واسه تنهایی و بنظر من بهترین گزینه برایه اینه که سواد آدم رو ببره بالا این یه فرصت بود برای با سواد تر شودن ، ممنون از دیجی,+1
113,۸ خرداد ۱۴۰۰,نیما نوذری,لق بودن دکمه های کناری و بالای آن . دوستان فعلا نخرید . حس میکنم سری جدید این کالا را که تولید کردن یه سری مشکلات سخت افزاری داره که به درد نمیخوره . من واقعا شیفته این دستگاه بودم ولی متسفانه دیگه هیچ علاقه ای بهش ندارم چون با این مشخصات و خرابی ها به درد نمیخوره .,-1
114,نیما نوذری,۵ خرداد ۱۴۰۰,با توجه به قیمت ارائه شده ، بسیار عالی,+1
115,۵ خرداد ۱۴۰۰,کاربر دیجی‌کالا,اگر نور بهش بتابونیددخوله ولی نور خود صفحش چشمو اذیت میکنه و باطری رو سریع خالی مسکنه. همچنین تم شبش تعریفی نداره صفه عوض کنی جای نوشته های قبلی میمونه روش . باید با چراغ مطالعه استفاده کنید ازش . ی دیکشنری معمولی و کار راه انداز داره روش ای کاش آپدیتش کنند .,-1
116,کاربر دیجی‌کالا,۵ خرداد ۱۴۰۰,دستگاه بسیار خوبیه. قبلا کیندل اوسیس داشتم . درسته که از نظر کیفیت بدنه نسبت به اوسیس ضعیفتره ولی مزایای زیادی هم داره . از جمله خواندن فرمت epub که برای فارسی زبانها واقعا عالیه. pdf هم میتونید باهاش بخونید بشرطی که با k2pdf کتاب رو تنظیم کنید و گرنه اذیت میشید .کلا برای کسانی که فقط متن فارسی میخونن بهترین گزینه هستش.تنها محدودیتش اینه که نمیشه از طاقچه و سایر برنامه ها غیر از فیدیبو در این دستگاه استفاده کرد مگر اینکه جیلبریک بشه که اونم توصیه نمیکنم.,+1
117,۵ خرداد ۱۴۰۰,کاربر دیجی‌کالا,به نظر من اونایی که واقعا میخوان کتاب بخونن حتما بخرن وگر نه بیخیال بشید بدنه دستگاه خیلی شل و بی کیفیته اگه یخورده تو دست فشار بدی احتمالا بشکنه ولی باطری فوق العاده ای داره و صفحه نمایشش هم باکیفیته چند تا پی دی اف ریختم همش هنگ میکرد مجبور شدم به جز یکی دو تا بقیشو پاک کنم ، اینترنت گردی هم کلا بدرد نمیخوره,-1
118,کاربر دیجی‌کالا,۵ خرداد ۱۴۰۰,۵۰۰ هزارتومان بیشتر نمی ارزه,-1
119,۵ خرداد ۱۴۰۰,کاربر دیجی‌کالا,بسیار عالیه این کتابخون سرعتش تو اپدیت جدید خیلی عالیه و از همه مهمتر که تم مشکی بهش اضافه شددده,+1
120,۳۱ اردیبهشت ۱۴۰۰,میر علی اکبر آل نبی,برای چشمهایی که کمی مشکل دارند ولی عینک نمیزنند اذیت کننده است مثلا اگر شماره چشمتان زیر یک هست ولی عینک‌نمیزنید برخلاف کتاب کاغذی مطالعه خسته کننده میشود نکته بعد مطالعه کتابهای پی دی اف است بطوریکه کل صفحه را در ابعادی کوچک می اندازد هر چند نشان میدهد ولی مرتب باید اینور اونور متن زوم کنی ببینی چی نوشته و مانند ای پاپ روان و پرسرعت نمیتوانید مطالعه کنید,-1
122,۲۹ اردیبهشت ۱۴۰۰,امیرعباس رشوند,بسیار چیز خوبیه. وزنش کمه میتونین تو کیف نگهش دارین. چشم اذیت نمیشه. البته اگه پولشو دارین خب کیندل بخرین ولی اگه نه اینم چیز خوبیه. من هدیه دادمش طرف خیلی راضی بود,+1
123,امیرعباس رشوند,۲۹ اردیبهشت ۱۴۰۰,سلام، یک ماهه که استفاده اش میکنم. جزوه های دانشگاه رو باهاش میخونم. خیلی جذاب هست. خوش دسته. اگر با موبایل زیاد کتاب میخونید حتما بخرید تا چشم هاتون سالم بمونه!,+1
129,کاربر دیجی‌کالا,۲۷ اردیبهشت ۱۴۰۰,یکی از بهترین خریدهای زندگیم بود,+1
130,۲۷ اردیبهشت ۱۴۰۰,کاربر دیجی‌کالا,من سه چهار ماهی هست خریدم اینرو. مهمترین ویژگی مثبتش جوهر الکترونیکی هست که چشم رو اذیت نمی کنه. دیکشنری فارسی و انگلیسی هم داره که خوبه. برای خوندن پی دی اف زیاد مناسب نیست و فرمت epub بهترین فرمت برای این کتابخوان هست. علاوه بر کتابهایی که از فیدیبو می خرید، هر کتابی رو دوست داشتید می تونید خودتون بریزید توش. تبدیل پی دی اف به epub کار ساده ای هست. یه سرچ کنید یاد بگیرید!,+1
131,کاربر دیجی‌کالا,۲۶ اردیبهشت ۱۴۰۰,به نظرم برای عاشقان کتاب فوق العاده است. شما را بی نیاز از خرید کتاب می کند، دوستدار محیط زیست می شوید، از مطالعه خسته نمی شوید، برای جیبتون هم بهتره ( کتابهای دیجیتال قیمت ارزان تری دارند ) و قابل رقابت با کیندل هست. در کل نسبت به قیمتش عالی است. من برندهای کیندل و بوکس رو هم چک کردم و باید بگم نسبت به پولی که می دهید آنقدر استفاده نمی کنید، ولی فیدیبوک مناسب و عالی است. با ۲۰۰ تومن کارت هدیه و تخفیفای فیدیبو میتونید خیلی کتاب بخرید.,+1
132,۲۶ اردیبهشت ۱۴۰۰,کاربر دیجی‌کالا,مصرف باتری خیلی کمی داره. چشم رو اذیت نمی کنه و میشه متنو هایلایت کرد. ب وب وصل میشه ولی اینقدر بده ک عملا قابل استفاده نیست وبش ولی ب فیدیبو خیلی راحت وصل میشه . در کل نسبت ب قیمت عالیه,+1
133,کاربر دیجی‌کالا,۲۶ اردیبهشت ۱۴۰۰,برای اهل مطالعه توصیه میکنم خواندن pdf باهاش راحت هست و زوم کردن هم مشکل نداشتم قطعا این یک کتابخوان هست و نه تبلت,+1
135,۲۱ اردیبهشت ۱۴۰۰,امیررضا خطیر,متاسفانه این محصول به هیچ عنوان کارایی ندارد,-1
136,امیررضا خطیر,۲۰ اردیبهشت ۱۴۰۰,کتابخوان جالبه ای است ،کتاب دارم مطالعه نمی کنم برای سنگینی، برای مطالعه خیلی خوبه ، ای کاش می شد برنامه کتابخوان های دیگه هم نصب کرد.,+1
137,۲۰ اردیبهشت ۱۴۰۰,کاربر دیجی‌کالا,خیلی عالی هست و اینکه هر لحظه اراده کنی کتابی می خوانی و لذت می بری,+1
138,کاربر دیجی‌کالا,۲۰ اردیبهشت ۱۴۰۰,از خریدم بسیار راضی هستم و استفاده از اون لذت بخش هست و کندی که دوستان گفتند برای یک کتابخوان اصلا به چشم نمیاد و اذیت نمیکند,+1
139,۲۰ اردیبهشت ۱۴۰۰,سید حسین حسینی,من یه هفته‌اس دارم استفاده میکنم و واقعا از دستگاه قبلی که استفاده می‌کردم خیلی بهتره و اینکه ارزونترم هست. خیلی وقت بود می‌خواستم بخرم ولی موجود نبود. احتمالا منو ها هم بهتر میشن تو آپدیت‌های بعدی.,+1
140,سید حسین حسینی,۱۹ اردیبهشت ۱۴۰۰,بسیار کاربردی,+1
141,۱۹ اردیبهشت ۱۴۰۰,سید علی رضا رجایی,درود بر سازندگان ایرانی پایدار و موفق بمانید .با نمونه کیندل خارجی برابری می‌کند .کاربری آسان . فونت قابل تنظیم . بارگذاری آسان PDF . و اتصال سریع به Wifi.سبک,+1
142,سید علی رضا رجایی,۱۷ اردیبهشت ۱۴۰۰,من این دستگاه رو اسفند ۹۹ خریدم. عالی هستش و واقعا از کتاب خوندن باهاش لذت میبرم. جزوه های دانشگاهی‌م رو ریختم داخلش و راحت بدون اینکه ۱۰ تا کتاب داشته باشم، یه دستگاه دارم. برای استفاده راحتتر فایل های PDF رو به EPub تبدیل کنید که بهتر دستگاه ساپورت کنه. به راحتی هم به PC وصل میشه و میتونیم کتاب های دیگه هم روش بریزیم. جنس بدنه هم به طوری هستش که از دست به راحتی سر نمیخوره. چشم رو به هیچ عنوان اذیت نمیکنه و برای کسایی که اهل خوندن ebook هستن بهترین تجربه ی نزدیک به کتاب فیزیکی میتونه باشه. دوتا دکمه کنار دستگاه هستش برای عقب و جلو بردن صفحات که اول فکر نمیکنید مهم باشه ولی بعدا میبینید که چقدر استفاده رو راحت تر کرده. تنها ایراد چشم گیری که میتونم بگیرم اینه که فقط اپ fidibo رو اجرا میکنه. سعی کنید همیشه wifi روشن نباشه چون سرعت خالی شدن باتری رو زیاد میکنه. سعی کنید حداقل دو یا سه روز یکبار همگام سازی کنید که صفحه هایی که خوندید با موبایلتون یکی شه. اگر در آینده بتونه بقیه اپ هارو هم ساپورت کنه، دلیلی نمیبینم اصلا خرید رو به تعویق بندازید. اینم در نظر بگیرید که از دستگاه اندازه ی یک کتابخوان که فقط کارش کتاب خواندن هست، توقع داشته باشید نه یک تبلت!,+1
143,۱۷ اردیبهشت ۱۴۰۰,شایا شریف گرامی,بد نیست برای دانشجویان و دانش‌آموزان مناسب است,+1
148,فهیمه فاطمی زاده,۱۵ اردیبهشت ۱۴۰۰,برای مطالعه کردن گزینه خوبی هست,+1
149,۱۵ اردیبهشت ۱۴۰۰,بهرخ بختیاری,این کتابخوان با اندازه ی مناسب به راحتی قابل حملِ و بخاطر همین ویژگی مطالعه کتاب رو همه جا امکان پذیر میکنه ضمن اینکه با کارت هدیه 200هزار تومنی میتونید کتابهای مورد علاقه تونو از فیدیبو تهیه کنید.,+1
150,۸ اردیبهشت ۱۴۰۰,کاربر دیجی‌کالا,باحاله. کار باهاش یکم صبر میخواد,-1
151,کاربر دیجی‌کالا,۸ اردیبهشت ۱۴۰۰,من از خریدم واقعا راضی هستم.,+1
152,۸ اردیبهشت ۱۴۰۰,حمیدرضا سرپولکی,عالی ترین خودش هست,+1
153,حمیدرضا سرپولکی,۶ اردیبهشت ۱۴۰۰,دکمه کنار صفحه بدون هیچ دلیل خاصی شکسته و از جاش اومده بیرون,-1
